date,cases,deaths,recovered,daily_cases,daily_deaths,daily_recovered,mortality_rate,recovery_rate
2020-01-22,557,17,30,0.0,0.0,0.0,3.052064631956912,5.385996409335727
2020-01-23,657,18,32,100.0,1.0,2.0,2.73972602739726,4.87062404870624
2020-01-24,944,26,39,287.0,8.0,7.0,2.754237288135593,4.13135593220339
2020-01-25,1437,42,42,493.0,16.0,3.0,2.9227557411273484,2.9227557411273484
2020-01-26,2120,56,56,683.0,14.0,14.0,2.6415094339622645,2.6415094339622645
2020-01-27,2929,82,65,809.0,26.0,9.0,2.799590303857972,2.2191874359849777
2020-01-28,5580,131,108,2651.0,49.0,43.0,2.347670250896057,1.935483870967742
2020-01-29,6169,133,127,589.0,2.0,19.0,2.1559409952990762,2.0586804992705465
2020-01-30,8237,172,145,2068.0,39.0,18.0,2.088138885516572,1.7603496418599005
2020-01-31,9927,214,225,1690.0,42.0,80.0,2.1557368792182934,2.2665457842248413
2020-02-01,12038,260,287,2111.0,46.0,62.0,2.159827213822894,2.3841169629506562
2020-02-02,16787,364,476,4749.0,104.0,189.0,2.1683445523321616,2.8355274915112885
2020-02-03,19887,428,627,3100.0,64.0,151.0,2.152159702318097,3.152813395685624
2020-02-04,23899,494,857,4012.0,66.0,230.0,2.067032093393029,3.585924097242563
2020-02-05,27644,566,1130,3745.0,72.0,273.0,2.0474605701056285,4.087686297207351
2020-02-06,30806,636,1493,3162.0,70.0,363.0,2.0645328832045706,4.846458482113873
2020-02-07,34400,721,2016,3594.0,85.0,523.0,2.0959302325581395,5.8604651162790695
2020-02-08,37131,808,2617,2731.0,87.0,601.0,2.176079286849263,7.048019175352131
2020-02-09,40162,908,3247,3031.0,100.0,630.0,2.2608435834868783,8.08475673522235
2020-02-10,42771,1015,3949,2609.0,107.0,702.0,2.373103270907858,9.232891445138062
2020-02-11,44814,1115,4684,2043.0,100.0,735.0,2.488061766412282,10.452090864461997
2020-02-12,45232,1120,5151,418.0,5.0,467.0,2.4761230986911924,11.387955429784222
2020-02-13,60384,1373,6294,15152.0,253.0,1143.0,2.273781134075252,10.423290937996821
2020-02-14,66912,1525,8061,6528.0,152.0,1767.0,2.2791128646580585,12.047166427546628
2020-02-15,69055,1668,9397,2143.0,143.0,1336.0,2.415465932951995,13.607993628267323
2020-02-16,71238,1772,10867,2183.0,104.0,1470.0,2.487436480530054,15.254499003340912
2020-02-17,73273,1870,12587,2035.0,98.0,1720.0,2.552099682011109,17.17822390239242
2020-02-18,75155,2010,14352,1882.0,140.0,1765.0,2.674472756303639,19.096533830084493
2020-02-19,75655,2125,16123,500.0,115.0,1771.0,2.8088031194236995,21.311215385632146
2020-02-20,76216,2250,18181,561.0,125.0,2058.0,2.952136034428466,23.854571218641755
2020-02-21,76846,2254,18894,630.0,4.0,713.0,2.933139005283294,24.5868360096817
2020-02-22,78608,2462,22892,1762.0,208.0,3998.0,3.1319967433340117,29.121717891308773
2020-02-23,78990,2473,23397,382.0,11.0,505.0,3.1307760476009623,29.620205089251805
2020-02-24,79558,2633,25229,568.0,160.0,1832.0,3.3095351818798866,31.71145579325775
2020-02-25,80412,2713,27907,854.0,80.0,2678.0,3.3738745460876483,34.70501915137044
2020-02-26,81384,2774,30388,972.0,61.0,2481.0,3.4085323896589013,37.339034699695276
2020-02-27,82728,2817,33282,1344.0,43.0,2894.0,3.4051348999129676,40.23063533507398
2020-02-28,84152,2876,36714,1424.0,59.0,3432.0,3.417625249548436,43.62819659663466
2020-02-29,86023,2946,39785,1871.0,70.0,3071.0,3.4246654964369996,46.24925891912628
2020-03-01,88402,3000,42721,2379.0,54.0,2936.0,3.393588380353386,48.325829732359
2020-03-02,90382,3090,45605,1980.0,90.0,2884.0,3.418822331880242,50.4580558075723
2020-03-03,92994,3164,48227,2612.0,74.0,2622.0,3.4023700453792713,51.8603350753812
2020-03-04,95338,3260,51170,2344.0,96.0,2943.0,3.4194130357255244,53.67219786444021
2020-03-05,98078,3355,53796,2740.0,95.0,2626.0,3.4207467525846775,54.85022125247252
2020-03-06,102062,3469,55864,3984.0,114.0,2068.0,3.398914385373596,54.73535693989928
2020-03-07,106199,3573,58358,4137.0,104.0,2494.0,3.3644384598725035,54.95155321613198
2020-03-08,109997,3815,60695,3798.0,242.0,2337.0,3.468276407538388,55.178777603025544
2020-03-09,114292,4009,62495,4295.0,194.0,1800.0,3.5076820774857382,54.68011759353235
2020-03-10,119051,4284,64402,4759.0,275.0,1907.0,3.5984578037983725,54.09614366951978
2020-03-11,126527,4636,66999,7476.0,352.0,2597.0,3.66404008630569,52.95233428438198
2020-03-12,133283,4957,68328,6756.0,321.0,1329.0,3.7191539806276865,51.26535267063317
2020-03-13,146477,5460,70255,13194.0,503.0,1927.0,3.7275476696000056,47.96316145196857
2020-03-14,157365,5886,72622,10888.0,426.0,2367.0,3.7403488704603944,46.148762431290315
2020-03-15,168598,6557,76031,11233.0,671.0,3409.0,3.889132729925622,45.09602723638477
2020-03-16,183165,7268,78086,14567.0,711.0,2055.0,3.9680069882346523,42.63150711107471
2020-03-17,198339,8119,80830,15174.0,851.0,2744.0,4.093496488335627,40.75345746424052
2020-03-18,215900,9075,83317,17561.0,956.0,2487.0,4.20333487725799,38.59055118110236
2020-03-19,242987,10217,84958,27087.0,1142.0,1641.0,4.204751694535099,34.96401042031055
2020-03-20,272517,11791,87403,29530.0,1574.0,2445.0,4.32670255433606,32.072494559972405
2020-03-21,304944,13599,91650,32427.0,1808.0,4247.0,4.459507319376672,30.054698567605854
2020-03-22,339156,15427,97867,34212.0,1828.0,6217.0,4.5486442816874835,28.85604264704148
2020-03-23,381711,17523,98355,42555.0,2096.0,488.0,4.5906458027146195,25.766875987330728
2020-03-24,423594,19949,107974,41883.0,2426.0,9619.0,4.709462362545267,25.48997389009287
2020-03-25,475075,22920,113753,51481.0,2971.0,5779.0,4.8245013945166555,23.944219333789402
2020-03-26,535889,26173,122125,60814.0,3253.0,8372.0,4.884033820436695,22.789234337707995
2020-03-27,599820,29812,130910,63931.0,3639.0,8785.0,4.970157713980861,21.824880797572604
2020-03-28,669402,33861,139421,69582.0,4049.0,8511.0,5.058395403658788,20.827693971634385
2020-03-29,725918,37680,148877,56516.0,3819.0,9456.0,5.190668918527988,20.508790249036394
2020-03-30,790929,42050,164213,65011.0,4370.0,15336.0,5.316532836702156,20.762040587713944
2020-03-31,869371,47218,177803,78442.0,5168.0,13590.0,5.431283077075265,20.451912934753977
2020-04-01,955728,53862,193075,86357.0,6644.0,15272.0,5.635703882276129,20.201877521637957
2020-04-02,1038176,60115,210218,82448.0,6253.0,17143.0,5.790444009493574,20.248782480041918
2020-04-03,1122386,66617,225640,84210.0,6502.0,15422.0,5.935302115315052,20.103600722033242
2020-04-04,1182507,72976,246052,60121.0,6359.0,20412.0,6.171295391908885,20.807656952559267
2020-04-05,1254222,78897,259888,71715.0,5921.0,13836.0,6.290513162741525,20.721052572830008
2020-04-06,1328948,85324,276597,74726.0,6427.0,16709.0,6.42041675069303,20.813229712524492
2020-04-07,1397886,93841,299859,68938.0,8517.0,23262.0,6.713065300031619,21.450890845176215
2020-04-08,1480062,101061,328741,82176.0,7220.0,28882.0,6.828159901409537,22.211299256382503
2020-04-09,1567243,109216,353995,87181.0,8155.0,25254.0,6.968670461440888,22.587116356557342
2020-04-10,1653665,116957,375733,86422.0,7741.0,21738.0,7.072593300335921,22.721228301983775
2020-04-11,1729180,123939,401983,75515.0,6982.0,26250.0,7.167501359025666,23.247030384344026
2020-04-12,1847761,130453,421366,118581.0,6514.0,19383.0,7.060058091928556,22.80413971287412
2020-04-13,1919593,136966,448623,71832.0,6513.0,27257.0,7.135158338251911,23.37073535900579
2020-04-14,2004226,144323,473697,84633.0,7357.0,25074.0,7.200934425558795,23.634909436360967
2020-04-15,2082482,153088,510236,78256.0,8765.0,36539.0,7.351228005812295,24.501340227670635
2020-04-16,2176950,160800,541119,94468.0,7712.0,30883.0,7.386481085922966,24.856749121477296
2020-04-17,2264830,169688,567303,87880.0,8888.0,26184.0,7.492306265812446,25.04837007634127
2020-04-18,2343082,176118,591169,78252.0,6430.0,23866.0,7.516510305657249,25.230401667547277
2020-04-19,2419404,182219,622952,76322.0,6101.0,31783.0,7.531565625253162,25.748159464066354
2020-04-20,2495886,188730,645130,76482.0,6511.0,22178.0,7.561643440445598,25.847735032769926
2020-04-21,2571973,195926,679932,76087.0,7196.0,34802.0,7.617731601381507,26.436202868381585
2020-04-22,2654011,203205,710017,82038.0,7279.0,30085.0,7.656524407773743,26.75260200504067
2020-04-23,2736728,210475,738747,82717.0,7270.0,28730.0,7.690753337562227,26.993804280147682
2020-04-24,2820291,217313,788776,83563.0,6838.0,50029.0,7.705339626300973,27.967894093198186
2020-04-25,2903496,223363,816531,83205.0,6050.0,27755.0,7.692898492024787,28.122339414278514
2020-04-26,2974291,228179,845343,70795.0,4816.0,28812.0,7.671710669870567,28.421664188204854
2020-04-27,3045275,233624,873227,70984.0,5445.0,27884.0,7.671688106985412,28.674815903325644
2020-04-28,3121107,240253,906439,75832.0,6629.0,33212.0,7.697685468649425,29.04222764551167
2020-04-29,3198435,247233,948516,77328.0,6980.0,42077.0,7.729811610991,29.65562845579166
2020-04-30,3282087,253486,1013632,83652.0,6253.0,65116.0,7.72331751108365,30.883763897788207
2020-05-01,3371033,259073,1051789,88946.0,5587.0,38157.0,7.685270360746987,31.20079216074123
2020-05-02,3449295,265119,1092440,78262.0,6046.0,40651.0,7.686179349693198,31.671399517872494
2020-05-03,3523292,269394,1124973,73997.0,4275.0,32533.0,7.646087806517314,31.929598795671776
2020-05-04,3600929,274239,1159059,77637.0,4845.0,34086.0,7.615784704447102,32.18777709863205
2020-05-05,3680614,280386,1195532,79685.0,6147.0,36473.0,7.617913750260147,32.48186308045343
2020-05-06,3771036,287146,1241651,90422.0,6760.0,46119.0,7.614512298477129,32.92599169034716
2020-05-07,3860174,293012,1281176,89138.0,5866.0,39525.0,7.590642287109338,33.189591971760855
2020-05-08,3950657,298967,1317589,90483.0,5955.0,36413.0,7.567526110214073,33.35113627935809
2020-05-09,4035000,303885,1371030,84343.0,4918.0,53441.0,7.531226765799256,33.97843866171004
2020-05-10,4110223,308223,1404839,75223.0,4338.0,33809.0,7.498936189107014,34.17914307812496
2020-05-11,4186364,312301,1451724,76141.0,4078.0,46885.0,7.4599580925117825,34.677443241915896
2020-05-12,4271644,318031,1488766,85280.0,5730.0,37042.0,7.4451663106757024,34.85229574374644
2020-05-13,4355992,323468,1544638,84348.0,5437.0,55872.0,7.425817127304183,35.460074306839864
2020-05-14,4451634,329217,1584349,95642.0,5749.0,39711.0,7.395419299969405,35.59027988374606
2020-05-15,4547536,334970,1632452,95902.0,5753.0,48103.0,7.3659669764021665,35.897505814137595
2020-05-16,4641426,339511,1688863,93890.0,4541.0,56411.0,7.314799374157856,36.38672683782958
2020-05-17,4719789,343391,1729871,78363.0,3880.0,41008.0,7.275558292966062,36.651447765991236
2020-05-18,4808921,347786,1782787,89132.0,4395.0,52916.0,7.232100506537745,37.07249505658338
2020-05-19,4904739,352754,1834839,95818.0,4968.0,52052.0,7.192105431094295,37.40951353374767
2020-05-20,5010162,358160,1893809,105423.0,5406.0,58970.0,7.1486710409763194,37.79935658767122
2020-05-21,5116135,363195,1945029,105973.0,5035.0,51220.0,7.09901126533995,38.017546448637496
2020-05-22,5223477,368901,2053576,107342.0,5706.0,108547.0,7.062364781160135,39.3143494266367
2020-05-23,5327627,373355,2108410,104150.0,4454.0,54834.0,7.007904269574428,39.575030308991224
2020-05-24,5420843,376755,2163937,93216.0,3400.0,55527.0,6.950118274962031,39.91882812322733
2020-05-25,5509066,378449,2227666,88223.0,1694.0,63729.0,6.869567364050458,40.43636434923815
2020-05-26,5601428,383229,2282818,92362.0,4780.0,55152.0,6.841630384252016,40.75421481807853
2020-05-27,5703984,388449,2346145,102556.0,5220.0,63327.0,6.810134811037338,41.13168971020957
2020-05-28,5823977,393440,2413008,119993.0,4991.0,66863.0,6.7555211842354455,41.43230648060595
2020-05-29,5945413,398596,2490273,121436.0,5156.0,77265.0,6.704260915095385,41.88561837503972
2020-05-30,6080456,402955,2560723,135043.0,4359.0,70450.0,6.627052313181775,42.113996055558985
2020-05-31,6183316,406242,2637107,102860.0,3287.0,76384.0,6.569969899646081,42.64875028221103
2020-06-01,6283580,409983,2692032,100264.0,3741.0,54925.0,6.5246722409836435,42.84232873616632
2020-06-02,6406221,415254,2796144,122641.0,5271.0,104112.0,6.482043001638564,43.647323437639756
2020-06-03,6517437,420875,2875235,111216.0,5621.0,79091.0,6.457676537571441,44.116038252460285
2020-06-04,6655667,426403,2945305,138230.0,5528.0,70070.0,6.406615595401632,44.25258956014476
2020-06-05,6789073,431460,3014470,133406.0,5057.0,69165.0,6.355212265356404,44.401790936700785
2020-06-06,6918403,435600,3086674,129330.0,4140.0,72204.0,6.29625073879044,44.61541196718375
2020-06-07,7029415,438857,3141783,111012.0,3257.0,55109.0,6.243151101478572,44.69480034967348
2020-06-08,7132463,443312,3293394,103048.0,4455.0,151611.0,6.215412544025815,46.17470851233298
2020-06-09,7258445,448357,3375664,125982.0,5045.0,82270.0,6.177039296984409,46.506710459333924
2020-06-10,7395607,453783,3454835,137162.0,5426.0,79171.0,6.135845238937114,46.7146915729838
2020-06-11,7531793,458920,3540714,136186.0,5137.0,85879.0,6.093104258175975,47.01024045668807
2020-06-12,7659267,463663,3620434,127474.0,4743.0,79720.0,6.053621057994192,47.26867466560443
2020-06-13,7793175,468056,3706326,133908.0,4393.0,85892.0,6.005973175246289,47.55861378706368
2020-06-14,7925122,471838,3777145,131947.0,3782.0,70819.0,5.953700144931523,47.6604019471246
2020-06-15,8050034,475905,3857420,124912.0,4067.0,80275.0,5.911838384781977,47.91805848273436
2020-06-16,8193933,483023,3955283,143899.0,7118.0,97863.0,5.894885886911695,48.27087309598455
2020-06-17,8337135,488500,4074114,143202.0,5477.0,118831.0,5.85932697503399,48.86707484045779
2020-06-18,8480229,493854,4155277,143094.0,5354.0,81163.0,5.823592735526364,48.999584798948234
2020-06-19,8661225,500212,4250267,180996.0,6358.0,94990.0,5.775303147072152,49.072354083862265
2020-06-20,8847108,504694,4366121,185883.0,4482.0,115854.0,5.704621216334196,49.35082741162422
2020-06-21,8940170,509338,4434807,93062.0,4644.0,68686.0,5.697184729149446,49.605399002479814
2020-06-22,9082502,513205,4526440,142332.0,3867.0,91633.0,5.650480451311765,49.83692819445567
2020-06-23,9250625,518774,4630495,168123.0,5569.0,104055.0,5.607988649415581,50.05602324167286
2020-06-24,9422061,524272,4746246,171436.0,5498.0,115751.0,5.564302757114394,50.37375580565653
2020-06-25,9601576,529382,4839130,179515.0,5110.0,92884.0,5.513490701943097,50.39933027661292
2020-06-26,9794066,534465,4945110,192490.0,5083.0,105980.0,5.457028776403998,50.49087886481467
2020-06-27,9970478,539201,5051396,176412.0,4736.0,106286.0,5.407975425049832,50.663528869929806
2020-06-28,10138935,542822,5140599,168457.0,3621.0,89203.0,5.3538364729628904,50.70156776821234
2020-06-29,10291617,546894,5235170,152682.0,4072.0,94571.0,5.313975442343025,50.86829406885235
2020-06-30,10475388,552146,5352510,183771.0,5252.0,117340.0,5.270888295497981,51.09605486689372
2020-07-01,10690516,557487,5468424,215128.0,5341.0,115914.0,5.214781026472435,51.152105286592345
2020-07-02,10895486,563001,5753358,204970.0,5514.0,284934.0,5.167286709376709,52.804968956868926
2020-07-03,11098124,568241,5863246,202638.0,5240.0,109888.0,5.120153640381023,52.83096494506639
2020-07-04,11287838,573035,6059006,189714.0,4794.0,195760.0,5.076570021646306,53.677294092987516
2020-07-05,11474058,576880,6178369,186220.0,3845.0,119363.0,5.027689419035532,53.84641597593458
2020-07-06,11642331,581148,6302068,168273.0,4268.0,123699.0,4.9916807896975275,54.130637584518084
2020-07-07,11851900,587508,6447101,209569.0,6360.0,145033.0,4.957078611868139,54.3971936989006
2020-07-08,12067186,593137,6605157,215286.0,5629.0,158056.0,4.915288452502513,54.7365143787458
2020-07-09,12291782,598986,6739775,224596.0,5849.0,134618.0,4.87306071650148,54.83155330935743
2020-07-10,12524663,604728,6879221,232881.0,5742.0,139446.0,4.82829757575114,54.925397992744394
2020-07-11,12737483,609869,7004913,212820.0,5141.0,125692.0,4.787986763161921,54.99448360402129
2020-07-12,12930415,614171,7116749,192932.0,4302.0,111836.0,4.749816614547948,55.03882899350098
2020-07-13,13124893,618607,7257072,194478.0,4436.0,140323.0,4.713234614560286,55.292427907793225
2020-07-14,13345920,624592,7399324,221027.0,5985.0,142252.0,4.680022059176138,55.44259219296984
2020-07-15,13575706,630511,7559130,229786.0,5919.0,159806.0,4.644406707098695,55.68130305709331
2020-07-16,13820618,636673,7711615,244912.0,6162.0,152485.0,4.606689802149224,55.79790281447616
2020-07-17,14058038,643711,7895036,237420.0,7038.0,183421.0,4.578953336162557,56.16029775990078
2020-07-18,14293379,650241,8045823,235341.0,6530.0,150787.0,4.549246192940102,56.29055942615109
2020-07-19,14505270,655135,8133881,211891.0,4894.0,88058.0,4.516530888428826,56.07535054500882
2020-07-20,14713414,659101,8293009,208144.0,3966.0,159128.0,4.479592567707264,56.363594472363786
2020-07-21,14956435,665439,8467705,243021.0,6338.0,174696.0,4.449181907319492,56.61579781545535
2020-07-22,15231791,672857,8647437,275356.0,7418.0,179732.0,4.417451631262535,56.77229289713862
2020-07-23,15511422,679494,8823667,279631.0,6637.0,176230.0,4.380604176715713,56.884965156643915
2020-07-24,15794928,685956,9051967,283506.0,6462.0,228300.0,4.342887792840841,57.30932739927652
2020-07-25,16044485,692021,9271779,249557.0,6065.0,219812.0,4.313139374682329,57.78795018973809
2020-07-26,16256294,696430,9415080,211809.0,4409.0,143301.0,4.284063760165755,57.916521440864685
2020-07-27,16490680,701726,9586463,234386.0,5296.0,171383.0,4.255288441713743,58.13261187531381
2020-07-28,16754567,708664,9756921,263887.0,6938.0,170458.0,4.229676601012726,58.23439662749864
2020-07-29,17024801,715292,9959507,270234.0,6628.0,202586.0,4.201470548760012,58.499990690052705
2020-07-30,17306582,722069,10173026,281781.0,6777.0,213519.0,4.1722218748912985,58.781254438340284
2020-07-31,17594044,728679,10372632,287462.0,6610.0,199606.0,4.141623153835469,58.95536012073177
2020-08-01,17840315,734665,10553543,246271.0,5986.0,180911.0,4.118004642855241,59.15558665864364
2020-08-02,18070926,739352,10692267,230611.0,4687.0,138724.0,4.091389672006847,59.168340349575885
2020-08-03,18276983,744209,10914712,206057.0,4857.0,222445.0,4.0718372392205,59.718346293805716
2020-08-04,18542287,751380,11138369,265304.0,7171.0,223657.0,4.052250944017855,60.070092756087746
2020-08-05,18817443,758757,11360064,275156.0,7377.0,221695.0,4.032200336676986,60.369860028272704
2020-08-06,19104145,765604,11548871,286702.0,6847.0,188807.0,4.007528209192298,60.45217412242212
2020-08-07,19386579,772357,11740917,282434.0,6753.0,192046.0,3.98397778174272,60.56208782374652
2020-08-08,19651806,778381,11941161,265227.0,6024.0,200244.0,3.960862426588172,60.763682482922945
2020-08-09,19884801,783575,12119939,232995.0,5194.0,178778.0,3.940572500574685,60.95076837832071
2020-08-10,20118013,788952,12284150,233212.0,5377.0,164211.0,3.921619893574977,61.06045363426299
2020-08-11,20383576,795567,12589218,265563.0,6615.0,305068.0,3.9029805172556573,61.76157706577099
2020-08-12,20658646,802540,12829863,275070.0,6973.0,240645.0,3.8847657295642706,62.104084652982586
2020-08-13,20948740,809327,12993779,290094.0,6787.0,163916.0,3.8633683935167458,62.026541930445454
2020-08-14,21255813,815894,13277021,307073.0,6567.0,283242.0,3.8384511568670647,62.4630118829141
2020-08-15,21504839,821948,13445625,249026.0,6054.0,168604.0,3.8221537022434813,62.52371849889228
2020-08-16,21714880,826748,13678579,210041.0,4800.0,232954.0,3.8072879058046833,62.99173193681015
2020-08-17,21927762,831371,13889591,212882.0,4623.0,211012.0,3.7914083525715028,63.34249249877849
2020-08-18,22187166,838427,14117186,259404.0,7056.0,227595.0,3.778882800985038,63.62771162391808
2020-08-19,22464640,844850,14335183,277474.0,6423.0,217997.0,3.7607991937551635,63.8122088758155
2020-08-20,22736119,851277,14542973,271479.0,6427.0,207790.0,3.7441614375786822,63.96418403686223
2020-08-21,22998072,857049,14711467,261953.0,5772.0,168494.0,3.7266123873340335,63.96826220911039
2020-08-22,23261601,862838,14921384,263529.0,5789.0,209917.0,3.7092803715445037,64.14598891967927
2020-08-23,23464360,867145,15137915,202759.0,4307.0,216531.0,3.6955834295075594,64.51450199366188
2020-08-24,23692460,872002,15337336,228100.0,4857.0,199421.0,3.6805042616933825,64.73509293674022
2020-08-25,23937668,878565,15568885,245208.0,6563.0,231549.0,3.6702196721919615,65.03927199591874
2020-08-26,24219359,885102,15794619,281691.0,6537.0,225734.0,3.6545228137540713,65.21485147480576
2020-08-27,24506622,891317,16001856,287263.0,6215.0,207237.0,3.6370455299796114,65.29604936983972
2020-08-28,24790561,897142,16200974,283939.0,5825.0,199118.0,3.618885429821455,65.35138111638538
2020-08-29,25051295,902930,16412387,260734.0,5788.0,211413.0,3.6043246466899213,65.51512406843638
2020-08-30,25271033,907204,16622627,219738.0,4274.0,210240.0,3.589896780238465,65.77739422048953
2020-08-31,25535340,911637,16823417,264307.0,4433.0,200790.0,3.5700993211760643,65.88287839519663
2020-09-01,25802224,918238,17081379,266884.0,6601.0,257962.0,3.5587552452842828,66.20118870373345
2020-09-02,26084114,924555,17300616,281890.0,6317.0,219237.0,3.544513722030198,66.32625512984647
2020-09-03,26369544,930655,17521985,285430.0,6100.0,221369.0,3.529279838892929,66.44781191513968
2020-09-04,26671276,936495,17735486,301732.0,5840.0,213501.0,3.5112493305532135,66.4965785663948
2020-09-05,26944997,941588,17936474,273721.0,5093.0,200988.0,3.494481739968277,66.5669920096855
2020-09-06,27173995,945723,18148265,228998.0,4135.0,211791.0,3.4802501435655673,66.78541377519205
2020-09-07,27391278,955346,18345813,217283.0,9623.0,197548.0,3.487774466017978,66.97684204439092
2020-09-08,27637790,960469,18547610,246512.0,5123.0,201797.0,3.4752018884288507,67.10959884998042
2020-09-09,27923100,966734,18787877,285310.0,6265.0,240267.0,3.4621299211047485,67.28435238207791
2020-09-10,28227493,972736,19004538,304393.0,6002.0,216661.0,3.446058776810254,67.32634031651341
2020-09-11,28543855,978735,19228208,316362.0,5999.0,223670.0,3.428881627937081,67.36373906047378
2020-09-12,28832580,983793,19451142,288725.0,5058.0,222934.0,3.4120879921255747,67.46237069315337
2020-09-13,29081415,987756,19638990,248835.0,3963.0,187848.0,3.3965197360582353,67.53106752198957
2020-09-14,29348555,992363,19867489,267140.0,4607.0,228499.0,3.3813010555374876,67.69494784325838
2020-09-15,29629107,998925,20093776,280552.0,6562.0,226287.0,3.3714313428345988,67.81769021928335
2020-09-16,29934059,1004793,20323253,304952.0,5868.0,229477.0,3.356688112360572,67.89340864197536
2020-09-17,30249632,1010441,20543464,315573.0,5648.0,220211.0,3.3403414626663888,67.91310386850326
2020-09-18,30576278,1016293,20794613,326646.0,5852.0,251149.0,3.323795656227354,68.00897414655897
2020-09-19,30869397,1021566,21031598,293119.0,5273.0,236985.0,3.3093163433027213,68.13089999781985
2020-09-20,31124526,1025548,21268675,255129.0,3982.0,237077.0,3.294983512359353,68.33413302422662
2020-09-21,31384435,1029976,21514153,259909.0,4428.0,245478.0,3.281805136845701,68.55039130065587
2020-09-22,31668754,1036127,21733546,284319.0,6151.0,219393.0,3.271764339070618,68.627726875519
2020-09-23,31980407,1042678,21996959,311653.0,6551.0,263413.0,3.260365010364002,68.78261117815042
2020-09-24,32301360,1048346,22252629,320953.0,5668.0,255670.0,3.245516597443575,68.89068757476466
2020-09-25,32631974,1054363,22491837,330614.0,6017.0,239208.0,3.2310733025222436,68.92576281165216
2020-09-26,32918085,1059795,22753980,286111.0,5432.0,262143.0,3.2194916563342,69.12303677446607
2020-09-27,33165079,1063680,22967859,246994.0,3885.0,213879.0,3.207228904836922,69.25314123328336
2020-09-28,33426328,1067794,23190401,261249.0,4114.0,222542.0,3.1944699399826386,69.37765045565281
2020-09-29,33709128,1073842,23431685,282800.0,6048.0,241284.0,3.185611920901662,69.51139465844385
2020-09-30,34033675,1080268,23679903,324547.0,6426.0,248218.0,3.1741150492857444,69.57786075115308
2020-10-01,34352787,1089162,23901445,319112.0,8894.0,221542.0,3.17052005125523,69.5764364038353
2020-10-02,34682292,1094892,24073730,329505.0,5730.0,172285.0,3.156919386988611,69.41216572422607
2020-10-03,34979647,1099676,24329331,297355.0,4784.0,255601.0,3.1437595696720435,69.55282024429806
2020-10-04,35240179,1103717,24551490,260532.0,4041.0,222159.0,3.1319846587612394,69.66902750408845
2020-10-05,35551524,1110806,24788958,311345.0,7089.0,237468.0,3.1244961538076397,69.72685052826428
2020-10-06,35867647,1116668,25021584,316123.0,5862.0,232626.0,3.1133015221210356,69.76087391514699
2020-10-07,36216841,1122589,25276775,349194.0,5921.0,255191.0,3.099632571487944,69.7928761925978
2020-10-08,36576162,1128972,25496281,359321.0,6383.0,219506.0,3.0866333105151926,69.70737115610982
2020-10-09,36936565,1135152,25703071,360403.0,6180.0,206790.0,3.0732473363454345,69.58706365900565
2020-10-10,37292089,1140057,25898476,355524.0,4905.0,195405.0,3.0571014672843884,69.44764075833886
2020-10-11,37581583,1144252,26121116,289494.0,4195.0,222640.0,3.0447147476464735,69.50509774960784
2020-10-12,37871608,1148379,26321235,290025.0,4127.0,200119.0,3.032295327940657,69.50123427555545
2020-10-13,38190980,1153728,26513680,319372.0,5349.0,192445.0,3.020943688797721,69.42393203840278
2020-10-14,38571764,1159891,26725965,380784.0,6163.0,212285.0,3.007098664193839,69.2889363317685
2020-10-15,38978760,1166100,26933292,406996.0,6209.0,207327.0,2.991629287334949,69.09735455925227
2020-10-16,39389280,1172313,27136306,410520.0,6213.0,203014.0,2.9762234800940766,68.89261748374177
2020-10-17,39761413,1178040,27334589,372133.0,5727.0,198283.0,2.9627719719115615,68.74652316807756
2020-10-18,40092656,1181999,27536100,331243.0,3959.0,201511.0,2.9481683628044,68.68115696799933
2020-10-19,40467606,1186841,27738631,374950.0,4842.0,202531.0,2.9328174243863105,68.54527297710668
2020-10-20,40856480,1193465,27950078,388874.0,6624.0,211447.0,2.9211155733435676,68.41039169306804
2020-10-21,41296091,1200368,28161300,439611.0,6903.0,211222.0,2.906735167742632,68.19362152219202
2020-10-22,41778168,1206346,28388093,482077.0,5978.0,226793.0,2.887503348638935,67.94958792831702
2020-10-23,42272069,1213450,28594827,493901.0,7104.0,206734.0,2.8705715823845765,67.64473014084075
2020-10-24,42728414,1219368,28806408,456345.0,5918.0,211581.0,2.8537637741480415,67.41745200278204
2020-10-25,43087247,1223733,29003666,358833.0,4365.0,197258.0,2.840128077804553,67.31380633346103
2020-10-26,43570291,1229572,29242801,483044.0,5839.0,239135.0,2.8220422030231562,67.1163775334895
2020-10-27,44038754,1236958,29832506,468463.0,7386.0,589705.0,2.8087942724265087,67.74148514737725
2020-10-28,44560523,1244133,30098468,521769.0,7175.0,265962.0,2.7920071763969196,67.54514079648482
2020-10-29,45111898,1251370,30345219,551375.0,7237.0,246751.0,2.7739245198683506,67.26655349327133
2020-10-30,45683640,1259145,30600993,571742.0,7775.0,255774.0,2.7562273934388766,66.98457697328847
2020-10-31,46155745,1265816,30845322,472105.0,6671.0,244329.0,2.7424885027855144,66.82878155254562
2020-11-01,46594934,1271172,31103269,439189.0,5356.0,257947.0,2.7281334919371276,66.75246927058637
2020-11-02,47143303,1277629,31383406,548369.0,6457.0,280137.0,2.710096490269254,66.57023161911248
2020-11-03,47708817,1287201,31634979,565514.0,9572.0,251573.0,2.6980358787768726,66.30845405368152
2020-11-04,48200961,1297094,31914298,492144.0,9893.0,279319.0,2.6910127372771675,66.21091641720587
2020-11-05,48820295,1305834,32217953,619334.0,8740.0,303655.0,2.6747769549528533,65.99295026791624
2020-11-06,49443478,1314990,32506314,623183.0,9156.0,288361.0,2.6595823214540046,65.74439201061057
2020-11-07,50042669,1322776,32805330,599191.0,7786.0,299016.0,2.6432962638343693,65.5547169156785
2020-11-08,50533518,1329177,33058570,490849.0,6401.0,253240.0,2.6302878814018054,65.4190947085853
2020-11-09,51043324,1336758,33315623,509806.0,7581.0,257053.0,2.618869413755264,65.26930534539639
2020-11-10,51614069,1346533,33572983,570745.0,9775.0,257360.0,2.6088487617591243,65.04618537244177
2020-11-11,52238734,1356950,33953207,624665.0,10417.0,380224.0,2.597593578741782,64.99622866051847
2020-11-12,52878929,1366665,34179446,640195.0,9715.0,226239.0,2.584517171291423,64.63717523477074
2020-11-13,53539863,1376562,34481578,660934.0,9897.0,302132.0,2.5710973522662917,64.40356039013399
2020-11-14,54126889,1385731,34759397,587026.0,9169.0,277819.0,2.560152681230211,64.21835365413298
2020-11-15,54617117,1392659,34990157,490228.0,6928.0,230760.0,2.5498581333027888,64.06445254149902
2020-11-16,55142751,1400713,35380887,525634.0,8054.0,390730.0,2.540157998283401,64.16235381510074
2020-11-17,55745063,1411682,35814478,602312.0,10969.0,433591.0,2.5323892808229496,64.24690559592693
2020-11-18,56367328,1423148,36177588,622265.0,11466.0,363110.0,2.5247746354058154,64.18183952235593
2020-11-19,57021314,1434288,36551887,653986.0,11140.0,374299.0,2.5153541708982714,64.10214783896421
2020-11-20,57695345,1446066,36907311,674031.0,11778.0,355424.0,2.5063824473187566,63.96930462934228
2020-11-21,58287916,1455371,37246581,592571.0,9305.0,339270.0,2.4968657311405678,63.901033963883705
2020-11-22,58785996,1463040,37520305,498080.0,7669.0,273724.0,2.4887559955605756,63.82524334537089
2020-11-23,59320006,1471765,37931518,534010.0,8725.0,411213.0,2.481060099690482,63.94388766582391
2020-11-24,59910792,1484276,38303697,590786.0,12511.0,372179.0,2.4774768459078294,63.93455289324167
2020-11-25,60527871,1496269,38741107,617079.0,11993.0,437410.0,2.4720330903427943,64.00540174294252
2020-11-26,61117132,1507211,39107983,589261.0,10942.0,366876.0,2.4661023033607012,63.98857688544678
2020-11-27,61812474,1518732,39489609,695342.0,11521.0,381626.0,2.4569992134597296,63.88614861136281
2020-11-28,62420041,1528249,39849315,607567.0,9517.0,359706.0,2.448330657136223,63.84057806049823
2020-11-29,62915662,1535902,40167598,495621.0,7653.0,318283.0,2.441207723444124,63.8435593350349
2020-11-30,63422239,1544981,40569854,506577.0,9079.0,402256.0,2.436024057744161,63.96786780107211
2020-12-01,64037142,1557368,41046058,614903.0,12387.0,476204.0,2.4319761178598505,64.09726717660197
2020-12-02,64677389,1569854,41508984,640247.0,12486.0,462926.0,2.427206824938465,64.17850912318059
2020-12-03,65367986,1582561,41935968,690597.0,12707.0,426984.0,2.421003149768145,64.15367914195797
2020-12-04,66064345,1594992,42426585,696359.0,12431.0,490617.0,2.414300785090657,64.22009481816553
2020-12-05,66706697,1605596,42862533,642352.0,10604.0,435948.0,2.406948735596967,64.25521713359605
2020-12-06,67250638,1613691,43178577,543941.0,8095.0,316044.0,2.3995177562479033,64.20545333711183
2020-12-07,67785484,1622523,43591716,534846.0,8832.0,413139.0,2.393614243427103,64.3083348051332
2020-12-08,68416150,1634560,44032487,630666.0,12037.0,440771.0,2.3891434990130254,64.35978493382045
2020-12-09,69081500,1647129,44458967,665350.0,12569.0,426480.0,2.3843272077184197,64.35726931233398
2020-12-10,70576907,1659547,44950193,1495407.0,12418.0,491226.0,2.3514022795019907,63.68966126554682
2020-12-11,71282658,1672729,45428333,705751.0,13182.0,478140.0,2.346614235400706,63.72985277849769
2020-12-12,71931348,1683558,46933276,648690.0,10829.0,1504943.0,2.340506673112813,65.247318874102
2020-12-13,72470142,1691787,47328395,538794.0,8229.0,395119.0,2.3344607217686977,65.30744068364044
2020-12-14,73021298,1700981,41338398,551156.0,9194.0,-5989997.0,2.3294313393333543,56.61142588837574
2020-12-15,73669919,1714204,41696562,648621.0,13223.0,358164.0,2.3268710258796403,56.59916905840496
2020-12-16,74387461,1728111,42058782,717542.0,13907.0,362220.0,2.323121365844171,56.54014995887546
2020-12-17,75126063,1741277,42434191,738602.0,13166.0,375409.0,2.3178068042777644,56.48398079904706
2020-12-18,75847501,1754342,42751919,721438.0,13065.0,317728.0,2.3129858952109705,56.36562633751111
2020-12-19,76483006,1765600,43103505,635505.0,11258.0,351586.0,2.3084866721896367,56.35697033142238
2020-12-20,77030307,1773979,43380334,547301.0,8379.0,276829.0,2.3029623911533936,56.31593030000517
2020-12-21,77576529,1783464,43723554,546222.0,9485.0,343220.0,2.298973701182222,56.3618333581282
2020-12-22,78227986,1797308,44086739,651457.0,13844.0,363185.0,2.297525593973492,56.356735299308355
2020-12-23,78910081,1811049,44410879,682095.0,13741.0,324140.0,2.2950793828230895,56.2803616942175
2020-12-24,79603472,1823258,44725551,693391.0,12209.0,314672.0,2.2904252216536483,56.18542743964735
2020-12-25,80096696,1831882,45017157,493224.0,8624.0,291606.0,2.2870880966176186,56.203513063759836
2020-12-26,80629340,1840235,45425321,532644.0,8353.0,408164.0,2.2823391584254566,56.338450742620495
2020-12-27,81042534,1848389,45717709,413194.0,8154.0,292388.0,2.2807640738380663,56.411993484803915
2020-12-28,81541719,1857935,46016135,499185.0,9546.0,298426.0,2.2785085018872366,56.43262806367867
2020-12-29,82213594,1872872,46369230,671875.0,14937.0,353095.0,2.2780563516053074,56.400928050901165
2020-12-30,82938894,1888314,46757475,725300.0,15442.0,388245.0,2.2767532926108225,56.37581205266615
2020-12-31,83778622,1901777,47055807,839728.0,13463.0,298332.0,2.2700027221741603,56.1668428969863
2021-01-01,84342314,1911418,47359111,563692.0,9641.0,303304.0,2.2662622227794227,56.15106908259595
2021-01-02,84946690,1920880,47614296,604376.0,9462.0,255185.0,2.261277043284441,56.051973302314664
2021-01-03,85467020,1928820,47882778,520330.0,7940.0,268482.0,2.2568003424010805,56.02485964761612
2021-01-04,86024461,1938770,48173186,557441.0,9950.0,290408.0,2.2537426883732525,55.99940463445624
2021-01-05,86765351,1954189,48488547,740890.0,15419.0,315361.0,2.252268880926904,55.88468950007475
2021-01-06,87556264,1969110,48801672,790913.0,14921.0,313125.0,2.2489653053264127,55.73749926104659
2021-01-07,88426222,1984073,49125603,869958.0,14963.0,323931.0,2.2437609061257873,55.55546973385338
2021-01-08,89261637,1999363,49422866,835415.0,15290.0,297263.0,2.239890581437578,55.36854091080584
2021-01-09,90017904,2012679,49753111,756267.0,13316.0,330245.0,2.2358652118805167,55.27023935149612
2021-01-10,90619443,2022236,50023661,601539.0,9557.0,270550.0,2.231569664359998,55.20190738757906
2021-01-11,91233917,2032515,50313949,614474.0,10279.0,290288.0,2.2278063540777273,55.148294246754745
2021-01-12,91926453,2049477,50657506,692536.0,16962.0,343557.0,2.2294746866824067,55.10656002358755
2021-01-13,92669726,2065943,51023567,743273.0,16466.0,366061.0,2.229361291086584,55.05958547886502
2021-01-14,93428784,2081663,51396412,759058.0,15720.0,372845.0,2.228074594227835,55.01132498952357
2021-01-15,94212637,2097380,51717034,783853.0,15717.0,320622.0,2.226219397722622,54.89394591513238
2021-01-16,94869509,2111413,52034089,656872.0,14033.0,317055.0,2.2255970566897316,54.848063986501714
2021-01-17,95397119,2121283,52349804,527610.0,9870.0,315715.0,2.2236342378431786,54.87566558482757
2021-01-18,95914366,2131731,52668557,517247.0,10448.0,318753.0,2.2225356731232524,54.912062912452555
2021-01-19,96507148,2147411,53071501,592782.0,15680.0,402944.0,2.2251315519136465,54.99230067393557
2021-01-20,97194354,2165160,53399272,687206.0,17749.0,327771.0,2.227660261006519,54.94071394311649
2021-01-21,97863110,2182453,53765411,668756.0,17293.0,366139.0,2.230107953855135,54.939405665730426
2021-01-22,98526596,2198512,54147168,663486.0,16059.0,381757.0,2.2313893803861853,54.9569052400836
2021-01-23,99103312,2213077,54463661,576716.0,14565.0,316493.0,2.2331009482306707,54.9564488823542
2021-01-24,99565294,2222839,54774618,461982.0,9762.0,310957.0,2.2325440027325185,55.01376614224631
2021-01-25,100046846,2233981,55089059,481552.0,11142.0,314441.0,2.2329349592889716,55.06326406331689
2021-01-26,100608158,2251396,55418602,561312.0,17415.0,329543.0,2.2377867210330993,55.083606639533144
2021-01-27,101209122,2268312,55759371,600964.0,16916.0,340769.0,2.2412130005435675,55.09322667575359
2021-01-28,101824237,2284838,56075030,615115.0,16526.0,315659.0,2.243903875263018,55.07041511148274
2021-01-29,102413219,2300601,56439137,588982.0,15763.0,364107.0,2.2463906734539805,55.10923057696292
2021-01-30,102928083,2313886,56790303,514864.0,13285.0,351166.0,2.2480609106457368,55.17474079450212
2021-01-31,103324692,2323435,57079202,396609.0,9549.0,288899.0,2.248673531008445,55.24255712274467
2021-02-01,103767694,2333683,57351844,443002.0,10248.0,272642.0,2.2489494659098814,55.269459876404305
2021-02-02,104233148,2348540,57702034,465454.0,14857.0,350190.0,2.2531603861758063,55.3586216162252
2021-02-03,104758397,2364399,58031881,525249.0,15859.0,329847.0,2.2570018897864577,55.3959230590365
2021-02-04,105230171,2377326,58325870,471774.0,12927.0,293989.0,2.25916766779748,55.426945946899586
2021-02-05,105766676,2394507,58607157,536505.0,17181.0,281287.0,2.263952211186064,55.41174140709499
2021-02-06,106201874,2406362,58901714,435198.0,11855.0,294557.0,2.2658376065944,55.46202885271121
2021-02-07,106553422,2414130,59179149,351548.0,7768.0,277435.0,2.265652247189208,55.53941665055112
2021-02-08,106893339,2423690,59411983,339917.0,9560.0,232834.0,2.267391048566646,55.58062228741868
2021-02-09,107300629,2438420,59783591,407290.0,14730.0,371608.0,2.272512307453482,55.715974414278605
2021-02-10,107741093,2452277,60052899,440464.0,13857.0,269308.0,2.276083276786509,55.7381564710876
2021-02-11,108184860,2466147,60328984,443767.0,13870.0,276085.0,2.279567584595479,55.76471975838394
2021-02-12,108614449,2479026,60616583,429589.0,12879.0,287599.0,2.2824090374937134,55.80894950726123
2021-02-13,108994937,2489712,60862826,380488.0,10686.0,246243.0,2.2842455516993416,55.84004879052318
2021-02-14,109303582,2496818,61058257,308645.0,7106.0,195431.0,2.2842965933175,55.86116747756721
2021-02-15,109584404,2504635,61346870,280822.0,7817.0,288613.0,2.2855761482263484,55.98138764344605
2021-02-16,109944197,2515738,61582275,359793.0,11103.0,235405.0,2.2881953469540552,56.01230140413869
2021-02-17,110330576,2527093,61876216,386379.0,11355.0,293941.0,2.290473857401053,56.0825640935655
2021-02-18,110741376,2539082,62112834,410800.0,11989.0,236618.0,2.292803369176124,56.088190560319575
2021-02-19,111151038,2550740,62347470,409662.0,11658.0,234636.0,2.2948413671134587,56.09256658493823
2021-02-20,111526248,2559836,62616686,375210.0,9096.0,269216.0,2.2952767136934438,56.14524573623243
2021-02-21,111845811,2566627,62833943,319563.0,6791.0,217257.0,2.2947904593404935,56.17907585291684
2021-02-22,112141380,2573874,63016513,295569.0,7247.0,182570.0,2.2952044998911196,56.19380910061924
2021-02-23,112534122,2585355,63295143,392742.0,11481.0,278630.0,2.297396517653552,56.24528976197992
2021-02-24,112979052,2597797,63504602,444930.0,12442.0,209459.0,2.299361655114614,56.209182920033705
2021-02-25,113432016,2608800,63732294,452964.0,11003.0,227692.0,2.299879779973231,56.18545473087598
2021-02-26,113873956,2619349,63992562,441940.0,10549.0,260268.0,2.3002177951910268,56.195959328926804
2021-02-27,114270693,2628079,64243284,396737.0,8730.0,250722.0,2.299871411473806,56.22026288052703
2021-02-28,114578478,2634579,64418461,307785.0,6500.0,175177.0,2.2993663783873965,56.222130128138026
2021-03-01,114883979,2642087,64633387,305501.0,7508.0,214926.0,2.2997871617939,56.25970441013364
2021-03-02,115197242,2652344,64903491,313263.0,10257.0,270104.0,2.3024370670263092,56.34118480024027
2021-03-03,115639088,2663901,65132899,441846.0,11557.0,229408.0,2.303633698667703,56.32429321822393
2021-03-04,116097496,2674306,65383179,458408.0,10405.0,250280.0,2.3035001547320193,56.31747561549476
2021-03-05,116546593,2684847,65609539,449097.0,10541.0,226360.0,2.3036683706404015,56.29468636633591
2021-03-06,116960620,2693104,65846042,414027.0,8257.0,236503.0,2.3025732934726233,56.29761709539501
2021-03-07,117335064,2699185,66084362,374444.0,6081.0,238320.0,2.3004078303481386,56.32106869605491
2021-03-08,117640533,2706378,66358920,305469.0,7193.0,274558.0,2.30054891029778,56.40821093525648
2021-03-09,118054577,2716871,66621153,414044.0,10493.0,262233.0,2.3013686288503665,56.432503248052804
2021-03-10,118513444,2727028,66856509,458867.0,10157.0,235356.0,2.301028396407078,56.41259484451401
2021-03-11,119003124,2737241,67129126,489680.0,10213.0,272617.0,2.3001421374450643,56.40954938292209
2021-03-12,119492372,2747105,67397682,489248.0,9864.0,268556.0,2.2989793858975367,56.403334264717756
2021-03-13,119947968,2755757,67650214,455596.0,8652.0,252532.0,2.2974603454724636,56.39963321429505
2021-03-14,120313043,2761748,67895902,365075.0,5991.0,245688.0,2.2954684971271155,56.432702811780764
2021-03-15,120667127,2769255,68185781,354084.0,7507.0,289879.0,2.2949539521231825,56.507337744106565
2021-03-16,121134161,2779868,68452266,467034.0,10613.0,266485.0,2.2948670936846627,56.50946474132924
2021-03-17,121679877,2790458,68716802,545716.0,10590.0,264536.0,2.293278123547084,56.473431510783
2021-03-18,122227806,2801179,68985878,547929.0,10721.0,269076.0,2.2917690267630264,56.44041258500542
2021-03-19,122790345,2811995,69264939,562539.0,10816.0,279061.0,2.290078263075163,56.40910855002485
2021-03-20,123288792,2820738,69523150,498447.0,8743.0,258211.0,2.287911134695845,56.390486817325616
2021-03-21,123729261,2829290,69803249,440469.0,8552.0,280099.0,2.2866781690387694,56.41612051655267
2021-03-22,124150452,2837256,70137878,421191.0,7966.0,334629.0,2.2853368266432086,56.494259078492924
2021-03-23,124656291,2848741,70451020,505839.0,11485.0,313142.0,2.285276560971961,56.51621705959469
2021-03-24,125285990,2859349,70786662,629699.0,10608.0,335642.0,2.2822575772438722,56.500061978198836
2021-03-25,125938183,2870902,71098479,652193.0,11553.0,311817.0,2.279612053796266,56.45506176629529
2021-03-26,126578225,2883671,71463065,640042.0,12769.0,364586.0,2.278173042796263,56.457629264433116
2021-03-27,127162758,2893881,71768318,584533.0,10210.0,305253.0,2.2757299743372976,56.43815778201351
2021-03-28,127655412,2901166,72097106,492654.0,7285.0,328788.0,2.2726541354940752,56.47790788533118
2021-03-29,128114688,2909829,72401542,459276.0,8663.0,304436.0,2.2712688493609723,56.51306897769598
2021-03-30,128676894,2921730,72736785,562206.0,11901.0,335243.0,2.270594128577583,56.5266869124149
2021-03-31,129350790,2934661,73119294,673896.0,12931.0,382509.0,2.268761559167903,56.52790678742665
2021-04-01,130060609,2946963,73464080,709819.0,12302.0,344786.0,2.265838229313535,56.48449639352373
2021-04-02,130705394,2957615,73784287,644785.0,10652.0,320207.0,2.262810209653628,56.45083553322979
2021-04-03,131245744,2966954,74150288,540350.0,9339.0,366001.0,2.2606096849890998,56.497289542585094
2021-04-04,131805666,2974382,74498476,559922.0,7428.0,348188.0,2.2566419868475154,56.521451816798226
2021-04-05,132302655,2982636,74846289,496989.0,8254.0,347813.0,2.254403738156275,56.57202344125294
2021-04-06,132910149,2995089,75216285,607494.0,12453.0,369996.0,2.253468995810094,56.59182956750729
2021-04-07,133573288,3010448,75699590,663139.0,15359.0,483305.0,2.253779962352952,56.67270090708555
2021-04-08,134409344,3024749,76094849,836056.0,14301.0,395259.0,2.250400835227646,56.61425518154453
2021-04-09,135156662,3039094,76548562,747318.0,14345.0,453713.0,2.2485713652797967,56.636913687613855
2021-04-10,135827306,3052100,76933556,670644.0,13006.0,384994.0,2.2470444933951645,56.640714054948575
2021-04-11,136536918,3061223,77464028,709612.0,9123.0,530472.0,2.2420478247502262,56.734859065736345
2021-04-12,137150764,3071131,77858760,613846.0,9908.0,394732.0,2.239237252808887,56.768739545628776
2021-04-13,137914588,3084925,78345222,763824.0,13794.0,486462.0,2.2368373387737632,56.80705945334804
2021-04-14,138725902,3099015,78792112,811314.0,14090.0,446890.0,2.2339123086040558,56.79697220494555
2021-04-15,139547133,3112671,79236514,821231.0,13656.0,444402.0,2.2305517376698814,56.781183745279804
2021-04-16,140406983,3126051,79740631,859850.0,13380.0,504117.0,2.2264213169511664,56.792496566926445
2021-04-17,141200970,3138668,80259167,793987.0,12617.0,518536.0,2.222837421017717,56.840379354334466
2021-04-18,141901080,3147807,80839358,700110.0,9139.0,580191.0,2.218310812010733,56.96881094914852
2021-04-19,142592012,3158941,81374733,690932.0,11134.0,535375.0,2.2153702410763376,57.068226935461155
2021-04-20,143431609,3173235,81979570,839597.0,14294.0,604837.0,2.212367986473609,57.15586025392771
2021-04-21,144320851,3187988,82491870,889242.0,14753.0,512300.0,2.2089587041029852,57.15866378864409
2021-04-22,145220252,3201909,83128166,899401.0,13921.0,636296.0,2.204863960709833,57.242818997449476
2021-04-23,146127911,3217170,83767998,907659.0,15261.0,639832.0,2.2016122573599235,57.32511840260277
2021-04-24,146952141,3230302,84344289,824230.0,13132.0,576291.0,2.1982000248638776,57.39575376448581
2021-04-25,147680627,3241075,84878103,728486.0,10773.0,533814.0,2.194651435221764,57.474094418626755
2021-04-26,148369677,3252705,85565469,689050.0,11630.0,687366.0,2.192297688967807,57.670455803445606
2021-04-27,149208799,3267706,86246373,839122.0,15001.0,680904.0,2.190022318992059,57.80247115319251
2021-04-28,150107590,3283651,86843038,898791.0,15945.0,596665.0,2.1875316231511013,57.85386201990186
2021-04-29,151001625,3299390,87550354,894035.0,15739.0,707316.0,2.1850029759613516,57.97974293323003
2021-04-30,151892994,3313809,88236950,891369.0,14419.0,686596.0,2.1816733693457913,58.09152066618688
2021-05-01,152687904,3326848,88919400,794910.0,13039.0,682450.0,2.1788549798941506,58.23604730339347
2021-05-02,153375175,3337179,89612414,687271.0,10331.0,693014.0,2.1758273462442665,58.42693512819138
2021-05-03,154065632,3348864,90255903,690457.0,11685.0,643489.0,2.173660638344053,58.58276231262272
2021-05-04,154850588,3362923,90912803,784956.0,14059.0,656900.0,2.171721169053617,58.71001471431288
2021-05-05,155692589,3377827,91626285,842001.0,14904.0,713482.0,2.169548995039192,58.85076842032603
2021-05-06,156565435,3392403,92301897,872846.0,14576.0,675612.0,2.166763692126554,58.95419828776384
2021-05-07,157400261,3406868,92998026,834826.0,14465.0,696129.0,2.164461468078506,59.08378131596618
2021-05-08,158188559,3420197,93709031,788298.0,13329.0,711005.0,2.1621013691641253,59.238817012044464
2021-05-09,158837968,3430671,94371824,649409.0,10474.0,662793.0,2.1598557594239685,59.41389529737625
2021-05-10,159463612,3441763,95000510,625644.0,11092.0,628686.0,2.158337539726618,59.575039602138204
2021-05-11,160189411,3455934,95751514,725799.0,14171.0,751004.0,2.1574047737774626,59.77393474528725
2021-05-12,160956898,3470075,96399063,767487.0,14141.0,647549.0,2.1559032530559827,59.89122814730189
2021-05-13,161691597,3483510,97089180,734699.0,13435.0,690117.0,2.154416224857993,60.045903313083116
2021-05-14,162401162,3496538,97754527,709565.0,13028.0,665347.0,2.1530252351273202,60.19324356804787
2021-05-15,163032774,3508823,98397064,631612.0,12285.0,642537.0,2.1522194058968784,60.35416167303882
2021-05-16,163579396,3519124,99064468,546622.0,10301.0,667404.0,2.151324730407979,60.560480367588596
2021-05-17,164122938,3530454,99808930,543542.0,11330.0,744462.0,2.151103339375999,60.81351651162862
2021-05-18,164742576,3544530,100552043,619638.0,14076.0,743113.0,2.1515567414704018,61.035856935975076
2021-05-19,165414621,3557987,101250070,672045.0,13457.0,698027.0,2.150950731253678,61.209867294620835
2021-05-20,165696927,3571167,101886759,282306.0,13180.0,636689.0,2.1552403322482863,61.48983016444234
2021-05-21,166323402,3584143,102501547,626475.0,12976.0,614788.0,2.154924055726085,61.627856193081
2021-05-22,166895763,3595588,103118308,572361.0,11445.0,616761.0,2.1543914209493744,61.7860550480242
2021-05-23,167377386,3605452,103620279,481623.0,9864.0,501971.0,2.154085498742345,61.908171394193005
2021-05-24,167828464,3614598,104247871,451078.0,9146.0,627592.0,2.153745505291641,62.115727282113475
2021-05-25,168361871,3627580,104824934,533407.0,12982.0,577063.0,2.154632743419678,62.26168275357311
2021-05-26,168930299,3640387,105380747,568428.0,12807.0,555813.0,2.154963923908049,62.38119959759262
2021-05-27,169477196,3653327,106078105,546897.0,12940.0,697358.0,2.155645176003502,62.59137365005733
2021-05-28,169982707,3665348,106633068,505511.0,12021.0,554963.0,2.156306405921633,62.73171540914453
2021-05-29,170463127,3676155,107140668,480420.0,10807.0,507600.0,2.156569027388545,62.85269423691846
2021-05-30,170853074,3684555,107630597,389947.0,8400.0,489929.0,2.15656348097079,62.99599678259228
2021-05-31,171240130,3693252,108159766,387056.0,8697.0,529169.0,2.156767809041023,63.16262782561542
2021-06-01,171700134,3708466,108743649,460004.0,15214.0,583883.0,2.1598503819455375,63.3334677537293
2021-06-02,172187762,3720392,109272023,487628.0,11926.0,528374.0,2.1606599428361233,63.4609694270839
2021-06-03,172668261,3730550,109701213,480499.0,10158.0,429190.0,2.160530243598156,63.53293440535664
2021-06-04,173093152,3741209,110226715,424891.0,10659.0,525502.0,2.161384755417707,63.68057530086458
2021-06-05,173489803,3750622,110704845,396651.0,9413.0,478130.0,2.1618688448219636,63.8105773859228
2021-06-06,173812784,3757928,111146371,322981.0,7306.0,441526.0,2.162055007415335,63.94602769839991
2021-06-07,174134551,3766003,111568368,321767.0,8075.0,421997.0,2.162697166284938,64.07020741104962
2021-06-08,174504668,3776657,111983104,370117.0,10654.0,414736.0,2.1642154581217277,64.1719819208504
2021-06-09,174922960,3786840,112435799,418292.0,10183.0,452695.0,2.1648616053604397,64.27732471483446
2021-06-10,175376464,3802820,112849488,453504.0,15980.0,413689.0,2.1683753414027094,64.34699698358612
2021-06-11,175798501,3814560,113225020,422037.0,11740.0,375532.0,2.169847853253311,64.40613506710162
2021-06-12,176166881,3824370,113563994,368380.0,9810.0,338974.0,2.170879099573773,64.46387275256352
2021-06-13,176469682,3833641,113993655,302801.0,9271.0,429661.0,2.1724077227044587,64.59673622577277
2021-06-14,176778984,3841632,114340429,309302.0,7991.0,346774.0,2.173127095243403,64.67987676634685
2021-06-15,177153741,3852383,114800574,374757.0,10751.0,460145.0,2.174598728908581,64.80279408832807
2021-06-16,177542916,3862466,115149801,389175.0,10083.0,349227.0,2.1755111873908843,64.85744607236258
2021-06-17,177938911,3871765,115530279,395995.0,9299.0,380478.0,2.175895636452445,64.92693382843059
2021-06-18,178342418,3880958,115849842,403507.0,9193.0,319563.0,2.176127274443481,64.95921906811873
2021-06-19,178689716,3889039,116181692,347298.0,8081.0,331850.0,2.1764201583934466,65.01867852316694
2021-06-20,178994480,3895907,116446786,304764.0,6868.0,265094.0,2.176551478012059,65.05607658962444
2021-06-21,179291135,3902891,116804004,296655.0,6984.0,357218.0,2.1768454976873226,65.14767392152434
2021-06-22,179701349,3911876,117107408,410214.0,8985.0,303404.0,2.1768762570613758,65.1677957075325
2021-06-23,180097972,3921222,117507151,396623.0,9346.0,399743.0,2.177271601925645,65.24623775330463
2021-06-24,180507231,3929883,117796862,409259.0,8661.0,289711.0,2.177133280605252,65.25880506138837
2021-06-25,180924899,3939117,118125509,417668.0,9234.0,328647.0,2.1772111090138013,65.28980237264082
2021-06-26,181287796,3946659,118420068,362897.0,7542.0,294559.0,2.1770130626994884,65.32158844272121
2021-06-27,181599032,3952754,118678807,311236.0,6095.0,258739.0,2.176638254327259,65.35211432184286
2021-06-28,181932050,3959315,119006263,333018.0,6561.0,327456.0,2.1762603125727433,65.41247845005869
2021-06-29,182313258,3967474,119299679,381208.0,8159.0,293416.0,2.176185124177859,65.43664476666858
2021-06-30,182712726,3976679,119580620,399468.0,9205.0,280941.0,2.1764652561748763,65.4473405426615
2021-07-01,183148268,3985220,120008476,435542.0,8541.0,427856.0,2.17595287332993,65.52531307585174
2021-07-02,183590610,3993596,120299518,442342.0,8376.0,291042.0,2.175272471723908,65.5259645359858
2021-07-03,183964437,4000499,120569293,373827.0,6903.0,269775.0,2.1746045405504106,65.53945695493309
2021-07-04,184292181,4007139,120868181,327744.0,6640.0,298888.0,2.1743402125128686,65.5850836124187
2021-07-05,184670098,4014530,121235174,377917.0,7391.0,366993.0,2.1738928193994895,65.64959639540561
2021-07-06,185120629,4023012,121563017,450531.0,8482.0,327843.0,2.173184059351916,65.66692089189044
2021-07-07,185585871,4031566,121831180,465242.0,8554.0,268163.0,2.1723453290256134,65.64679700212739
2021-07-08,186067750,4040486,122123831,481879.0,8920.0,292651.0,2.171513333181059,65.634066623582
2021-07-09,186580986,4048903,122462949,513236.0,8417.0,339118.0,2.170051239840699,65.63527807704908
2021-07-10,187002099,4055467,122907153,421113.0,6564.0,444204.0,2.1686745879788227,65.72501253047433
2021-07-11,187371991,4063098,123197639,369892.0,7631.0,290486.0,2.1684660435721153,65.75029615819155
2021-07-12,187806155,4071240,123499875,434164.0,8142.0,302236.0,2.167788377329806,65.75922658125874
2021-07-13,188331814,4079621,123783322,525659.0,8381.0,283447.0,2.1661879176717322,65.72618792914085
2021-07-14,188869796,4088212,124113063,537982.0,8591.0,329741.0,2.1645663237757717,65.71355803232825
2021-07-15,189446223,4096847,124394119,576427.0,8635.0,281056.0,2.162538231231984,65.66196835710998
2021-07-16,190042161,4105608,124784824,595938.0,8761.0,390705.0,2.160366930367625,65.66165283713018
2021-07-17,190531011,4113118,125065613,488850.0,7510.0,280789.0,2.1587656405182254,65.6405549645669
2021-07-18,190951220,4119721,125382096,420209.0,6603.0,316483.0,2.1574729923170954,65.66184599396642
2021-07-19,191440687,4126947,125688817,489467.0,7226.0,306721.0,2.1557313989371547,65.65418196603108
2021-07-20,191973106,4147646,126008997,532419.0,20699.0,320180.0,2.160534924095045,65.63888016689171
2021-07-21,192529214,4156313,126315580,556108.0,8667.0,306583.0,2.158796015237459,65.60852629876732
2021-07-22,193094403,4165094,126671708,565189.0,8781.0,356128.0,2.157024717075823,65.60092163831388
2021-07-23,193822543,4173425,126918098,728140.0,8331.0,246390.0,2.1532196076903194,65.4815977726595
2021-07-24,194254462,4182089,127435324,431919.0,8664.0,517226.0,2.1528921173506945,65.6022634888047
2021-07-25,194700076,4189471,127762741,445614.0,7382.0,327417.0,2.1517562222215054,65.62028306552895
2021-07-26,195240703,4197977,128063201,540627.0,8506.0,300460.0,2.1501546222152252,65.5924707462255
2021-07-27,195847033,4207766,128409040,606330.0,9789.0,345839.0,2.1484961684356993,65.56598689958199
2021-07-28,196497116,4217888,128745703,650083.0,10122.0,336663.0,2.146539392466198,65.52040336307023
2021-07-29,197139985,4228154,129094091,642869.0,10266.0,348388.0,2.144747043579211,65.48346394568306
2021-07-30,197872339,4237757,129401282,732354.0,9603.0,307191.0,2.1416621552141253,65.39634728833927
2021-07-31,198389684,4246601,129705211,517345.0,8844.0,303929.0,2.140535190327739,65.37900982795053
2021-08-01,198872752,4254020,129994389,483068.0,7419.0,289178.0,2.1390662909919405,65.36561077004657
2021-08-02,199443855,4262171,130277533,571103.0,8151.0,283144.0,2.1370279871495668,65.32040458203137
2021-08-03,200078130,4272524,130582001,634275.0,10353.0,304468.0,2.135427795131832,65.2655045306551
2021-08-04,200758588,4283016,130899061,680458.0,10492.0,317060.0,2.1334160808104508,65.202222382636
2021-08-05,201444210,4294008,0,685622.0,10992.0,-130899061.0,2.1316115265859468,0.0
2021-08-06,202263736,4304479,0,819526.0,10471.0,0.0,2.1281516326782377,0.0
2021-08-07,202825005,4313156,0,561269.0,8677.0,0.0,2.1265405614066175,0.0
2021-08-08,203292722,4320653,0,467717.0,7497.0,0.0,2.1253358002653924,0.0
2021-08-09,203911805,4329483,0,619083.0,8830.0,0.0,2.1232135138031856,0.0
2021-08-10,204557617,4341001,0,645812.0,11518.0,0.0,2.1221409711670627,0.0
2021-08-11,205288310,4351528,0,730693.0,10527.0,0.0,2.1197154382536443,0.0
2021-08-12,205994052,4362040,0,705742.0,10512.0,0.0,2.1175562874990197,0.0
2021-08-13,206795847,4372514,0,801795.0,10474.0,0.0,2.1144109339874704,0.0
2021-08-14,207348758,4381256,0,552911.0,8742.0,0.0,2.1129887838537234,0.0
2021-08-15,207815449,4388700,0,466691.0,7444.0,0.0,2.11182567086242,0.0
2021-08-16,208479793,4398564,0,664344.0,9864.0,0.0,2.109827497766174,0.0
2021-08-17,209162480,4409274,0,682687.0,10710.0,0.0,2.108061637058425,0.0
2021-08-18,209898123,4420094,0,735643.0,10820.0,0.0,2.1058282641241153,0.0
2021-08-19,210609857,4431541,0,711734.0,11447.0,0.0,2.1041470058070453,0.0
2021-08-20,211395070,4442035,0,785213.0,10494.0,0.0,2.101295455944171,0.0
2021-08-21,211954124,4450955,0,559054.0,8920.0,0.0,2.099961499215745,0.0
2021-08-22,212402204,4458738,0,448080.0,7783.0,0.0,2.0991957315094525,0.0
2021-08-23,213086398,4468791,0,684194.0,10053.0,0.0,2.0971732789814204,0.0
2021-08-24,213763171,4479815,0,676773.0,11024.0,0.0,2.095690749273176,0.0
2021-08-25,214500582,4491128,0,737411.0,11313.0,0.0,2.0937602863940015,0.0
2021-08-26,215237031,4502719,0,736449.0,11591.0,0.0,2.0919815605521896,0.0
2021-08-27,215988154,4513136,0,751123.0,10417.0,0.0,2.089529410024959,0.0
2021-08-28,216545334,4521572,0,557180.0,8436.0,0.0,2.088048685454474,0.0
2021-08-29,216992164,4528394,0,446830.0,6822.0,0.0,2.0868928704725023,0.0
2021-08-30,217664015,4537965,0,671851.0,9571.0,0.0,2.0848485221592554,0.0
2021-08-31,218284677,4547280,0,620662.0,9315.0,0.0,2.083187909703804,0.0
2021-09-01,219003757,4559705,0,719080.0,12425.0,0.0,2.0820213600262574,0.0
2021-09-02,219680532,4570959,0,676775.0,11254.0,0.0,2.0807301213199905,0.0
2021-09-03,220404105,4581684,0,723573.0,10725.0,0.0,2.078765275265631,0.0
2021-09-04,220900816,4589458,0,496711.0,7774.0,0.0,2.0776102520146416,0.0
2021-09-05,221347788,4596034,0,446972.0,6576.0,0.0,2.076385782540551,0.0
2021-09-06,221825561,4604204,0,477773.0,8170.0,0.0,2.075596689238171,0.0
2021-09-07,222482051,4614669,0,656490.0,10465.0,0.0,2.074175862393502,0.0
2021-09-08,223119762,4624746,0,637711.0,10077.0,0.0,2.0727639535578204,0.0
2021-09-09,223759907,4635493,0,640145.0,10747.0,0.0,2.0716369890160884,0.0
2021-09-10,224418618,4644672,0,658711.0,9179.0,0.0,2.0696464675671424,0.0
2021-09-11,224887140,4653045,0,468522.0,8373.0,0.0,2.0690578394122494,0.0
2021-09-12,225258543,4658713,0,371403.0,5668.0,0.0,2.068162626799908,0.0
2021-09-13,225836445,4667871,0,577902.0,9158.0,0.0,2.0669254690047922,0.0
2021-09-14,226386274,4677775,0,549829.0,9904.0,0.0,2.0662803081427104,0.0
2021-09-15,226953125,4688201,0,566851.0,10426.0,0.0,2.06571334939759,0.0
2021-09-16,227540479,4698716,0,587354.0,10515.0,0.0,2.065002245160959,0.0
2021-09-17,228163698,4707779,0,623219.0,9063.0,0.0,2.0633339314127,0.0
2021-09-18,228687569,4714262,0,523871.0,6483.0,0.0,2.06144217659684,0.0
2021-09-19,229050966,4720360,0,363397.0,6098.0,0.0,2.0608339193819423,0.0
2021-09-20,229581157,4728733,0,530191.0,8373.0,0.0,2.0597217392714855,0.0
2021-09-21,230069837,4738088,0,488680.0,9355.0,0.0,2.059412942514494,0.0
2021-09-22,230604815,4747809,0,534978.0,9721.0,0.0,2.0588507659738156,0.0
2021-09-23,231152445,4757656,0,547630.0,9847.0,0.0,2.058233041835227,0.0
2021-09-24,231701691,4766356,0,549246.0,8700.0,0.0,2.0571088538149684,0.0
2021-09-25,232075693,4771829,0,374002.0,5473.0,0.0,2.056151998649854,0.0
2021-09-26,232431512,4777361,0,355819.0,5532.0,0.0,2.0553843835082053,0.0
2021-09-27,232914281,4785135,0,482769.0,7774.0,0.0,2.0544618301013498,0.0
2021-09-28,233365258,4794511,0,450977.0,9376.0,0.0,2.0545093306048154,0.0
2021-09-29,233856235,4803804,0,490977.0,9293.0,0.0,2.0541697338110314,0.0
2021-09-30,234346132,4812680,0,489897.0,8876.0,0.0,2.053663083289124,0.0
2021-10-01,234868134,4821315,0,522002.0,8635.0,0.0,2.052775281980143,0.0
2021-10-02,235218776,4827259,0,350642.0,5944.0,0.0,2.0522422070591846,0.0
2021-10-03,235527819,4831615,0,309043.0,4356.0,0.0,2.0513988625691812,0.0
2021-10-04,235974883,4838855,0,447064.0,7240.0,0.0,2.0505805272504363,0.0
2021-10-05,236397732,4846217,0,422849.0,7362.0,0.0,2.0500268589717265,0.0
2021-10-06,236904785,4855353,0,507053.0,9136.0,0.0,2.0494955388934,0.0
2021-10-07,237366619,4864310,0,461834.0,8957.0,0.0,2.0492814113849764,0.0
2021-10-08,237842039,4871872,0,475420.0,7562.0,0.0,2.048364545007958,0.0
2021-10-09,238182243,4876698,0,340204.0,4826.0,0.0,2.0474649741206776,0.0
2021-10-10,238498696,4881452,0,316453.0,4754.0,0.0,2.0467415888932154,0.0
2021-10-11,238886684,4887418,0,387988.0,5966.0,0.0,2.0459147902944643,0.0
2021-10-12,239324892,4895389,0,438208.0,7971.0,0.0,2.0454993039336666,0.0
2021-10-13,239781314,4904291,0,456422.0,8902.0,0.0,2.0453182602877886,0.0
2021-10-14,240234710,4912300,0,453396.0,8009.0,0.0,2.0447919453437846,0.0
2021-10-15,240692696,4919505,0,457986.0,7205.0,0.0,2.043894593295012,0.0
2021-10-16,241034054,4924851,0,341358.0,5346.0,0.0,2.0432179263764945,0.0
2021-10-17,241347355,4929210,0,313301.0,4359.0,0.0,2.042371668005228,0.0
2021-10-18,241775141,4935809,0,427786.0,6599.0,0.0,2.041487383518887,0.0
2021-10-19,242206709,4943758,0,431568.0,7949.0,0.0,2.0411317342989044,0.0
2021-10-20,242683018,4952429,0,476309.0,8671.0,0.0,2.040698620288297,0.0
2021-10-21,243145068,4960196,0,462050.0,7767.0,0.0,2.040015058006441,0.0
2021-10-22,243637892,4968369,0,492824.0,8173.0,0.0,2.039243140389673,0.0
2021-10-23,244008150,4974256,0,370258.0,5887.0,0.0,2.0385614169034927,0.0
2021-10-24,244317353,4978899,0,309203.0,4643.0,0.0,2.03788185278841,0.0
2021-10-25,244769753,4985790,0,452400.0,6891.0,0.0,2.0369306006530965,0.0
2021-10-26,245196224,4993535,0,426471.0,7745.0,0.0,2.0365464518735816,0.0
2021-10-27,245710221,5002670,0,513997.0,9135.0,0.0,2.036004029315492,0.0
2021-10-28,246193247,5011607,0,483026.0,8937.0,0.0,2.035639507203867,0.0
2021-10-29,246687330,5019428,0,494083.0,7821.0,0.0,2.0347327931272354,0.0
2021-10-30,247061943,5025432,0,374613.0,6004.0,0.0,2.034077745434067,0.0
2021-10-31,247410790,5030069,0,348847.0,4637.0,0.0,2.0330839249169363,0.0
2021-11-01,247868435,5036555,0,457645.0,6486.0,0.0,2.031946907640741,0.0
2021-11-02,248272884,5043629,0,404449.0,7074.0,0.0,2.031486048230704,0.0
2021-11-03,248797676,5052089,0,524792.0,8460.0,0.0,2.0306013630127318,0.0
2021-11-04,249315133,5059658,0,517457.0,7569.0,0.0,2.029422738651007,0.0
2021-11-05,249839415,5068238,0,524282.0,8580.0,0.0,2.0285982497997765,0.0
2021-11-06,250245164,5074885,0,405749.0,6647.0,0.0,2.0279652636963648,0.0
2021-11-07,250585863,5079504,0,340699.0,4619.0,0.0,2.0270513025708876,0.0
2021-11-08,251110911,5086314,0,525048.0,6810.0,0.0,2.0255248884824444,0.0
2021-11-09,251580325,5094315,0,469414.0,8001.0,0.0,2.0249258363109277,0.0
2021-11-10,252153854,5102578,0,573529.0,8263.0,0.0,2.0235970694304757,0.0
2021-11-11,252674737,5110254,0,520883.0,7676.0,0.0,2.022463369576991,0.0
2021-11-12,253274490,5119251,0,599753.0,8997.0,0.0,2.0212264567189537,0.0
2021-11-13,253670214,5125542,0,395724.0,6291.0,0.0,2.020553347268434,0.0
2021-11-14,254018493,5130270,0,348279.0,4728.0,0.0,2.019644294165622,0.0
2021-11-15,254620079,5137386,0,601586.0,7116.0,0.0,2.017667271244543,0.0
2021-11-16,255126904,5144998,0,506825.0,7612.0,0.0,2.0166426665844694,0.0
2021-11-17,255742113,5154150,0,615209.0,9152.0,0.0,2.015370069301023,0.0
2021-11-18,256363770,5162439,0,621657.0,8289.0,0.0,2.013716290722359,0.0
2021-11-19,256978407,5170412,0,614637.0,7973.0,0.0,2.01200251038991,0.0
2021-11-20,257416423,5176440,0,438016.0,6028.0,0.0,2.010920647436702,0.0
2021-11-21,257796215,5181079,0,379792.0,4639.0,0.0,2.0097575908940324,0.0
2021-11-22,258500870,5188530,0,704655.0,7451.0,0.0,2.0071615232861695,0.0
2021-11-23,259093463,5196540,0,592593.0,8010.0,0.0,2.0056623350624636,0.0
2021-11-24,259751368,5205110,0,657905.0,8570.0,0.0,2.003881650394234,0.0
2021-11-25,260348589,5212967,0,597221.0,7857.0,0.0,2.0023027664651565,0.0
2021-11-26,260962280,5219862,0,613691.0,6895.0,0.0,2.0002362027186456,0.0
2021-11-27,261381085,5225727,0,418805.0,5865.0,0.0,1.9992751196973568,0.0
2021-11-28,261770875,5230630,0,389790.0,4903.0,0.0,1.9981711105179292,0.0
2021-11-29,262513214,5238554,0,742339.0,7924.0,0.0,1.995539165506541,0.0
2021-11-30,263113681,5246577,0,600467.0,8023.0,0.0,1.9940342820866086,0.0
2021-12-01,263816145,5255817,0,702464.0,9240.0,0.0,1.9922272004998027,0.0
2021-12-02,264523382,5265978,0,707237.0,10161.0,0.0,1.9907419753161935,0.0
2021-12-03,265254220,5274569,0,730838.0,8591.0,0.0,1.9884957909434957,0.0
2021-12-04,265726430,5280087,0,472210.0,5518.0,0.0,1.987038699914043,0.0
2021-12-05,266146231,5287507,0,419801.0,7420.0,0.0,1.9866924209796533,0.0
2021-12-06,266849953,5294966,0,703722.0,7459.0,0.0,1.9842484289288969,0.0
2021-12-07,267489200,5302689,0,639247.0,7723.0,0.0,1.9823936816888308,0.0
2021-12-08,268200544,5310986,0,711344.0,8297.0,0.0,1.9802293913318831,0.0
2021-12-09,268898928,5319552,0,698384.0,8566.0,0.0,1.9782719252789287,0.0
2021-12-10,269592462,5327568,0,693534.0,8016.0,0.0,1.9761561434162058,0.0
2021-12-11,270059366,5333403,0,466904.0,5835.0,0.0,1.974900215088263,0.0
2021-12-12,270485916,5337997,0,426550.0,4594.0,0.0,1.9734842682160205,0.0
2021-12-13,271179799,5344930,0,693883.0,6933.0,0.0,1.9709912094152706,0.0
2021-12-14,271816596,5352663,0,636797.0,7733.0,0.0,1.9692186123911284,0.0
2021-12-15,272556770,5361688,0,740174.0,9025.0,0.0,1.967182103016557,0.0
2021-12-16,273300997,5369034,0,744227.0,7346.0,0.0,1.9645131407991168,0.0
2021-12-17,274068563,5376334,0,767566.0,7300.0,0.0,1.9616748236827148,0.0
2021-12-18,274598505,5382005,0,529942.0,5671.0,0.0,1.9599542248054116,0.0
2021-12-19,275083461,5386352,0,484956.0,4347.0,0.0,1.9580791881922701,0.0
2021-12-20,275893527,5393631,0,810066.0,7279.0,0.0,1.9549683019565733,0.0
2021-12-21,276652188,5401189,0,758661.0,7558.0,0.0,1.9523391587996406,0.0
2021-12-22,277566671,5411559,0,914483.0,10370.0,0.0,1.9496429382186165,0.0
2021-12-23,278578699,5418816,0,1012028.0,7257.0,0.0,1.945165233182455,0.0
2021-12-24,279434799,5424511,0,856100.0,5695.0,0.0,1.9412439035554767,0.0
2021-12-25,280116791,5428824,0,681992.0,4313.0,0.0,1.9380573298085513,0.0
2021-12-26,280692270,5432656,0,575479.0,3832.0,0.0,1.9354490951959598,0.0
2021-12-27,282033889,5439626,0,1341619.0,6970.0,0.0,1.9287136093067172,0.0
2021-12-28,283370260,5447300,0,1336371.0,7674.0,0.0,1.9223259349799091,0.0
2021-12-29,285075127,5455241,0,1704867.0,7941.0,0.0,1.9136152134381055,0.0
2021-12-30,287025253,5462660,0,1950126.0,7419.0,0.0,1.9031983920940923,0.0
2021-12-31,288728291,5469019,0,1703038.0,6359.0,0.0,1.8941749632702256,0.0
2022-01-01,289931428,5473282,0,1203137.0,4263.0,0.0,1.8877849972166523,0.0
2022-01-02,290849939,5476678,0,918511.0,3396.0,0.0,1.8829909398743245,0.0
2022-01-03,293188320,5482492,0,2338381.0,5814.0,0.0,1.869955801786374,0.0
2022-01-04,295801747,5491173,0,2613427.0,8681.0,0.0,1.8563693607935317,0.0
2022-01-05,298385756,5498943,0,2584009.0,7770.0,0.0,1.8428972862900332,0.0
2022-01-06,301054978,5506555,0,2669222.0,7612.0,0.0,1.8290861810629153,0.0
2022-01-07,304008616,5513806,0,2953638.0,7251.0,0.0,1.8137005695917512,0.0
2022-01-08,306145200,5519014,0,2136584.0,5208.0,0.0,1.8027439267380314,0.0
2022-01-09,308150282,5523075,0,2005082.0,4061.0,0.0,1.7923316390150181,0.0
2022-01-10,311401997,5529985,0,3251715.0,6910.0,0.0,1.775834790166744,0.0
2022-01-11,314432404,5539088,0,3030407.0,9103.0,0.0,1.761614874782435,0.0
2022-01-12,317879058,5548116,0,3446654.0,9028.0,0.0,1.7453543605253794,0.0
2022-01-13,321066163,5556348,0,3187105.0,8232.0,0.0,1.7305928311106393,0.0
2022-01-14,324382616,5564318,0,3316453.0,7970.0,0.0,1.7153564110846187,0.0
2022-01-15,326810379,5570448,0,2427763.0,6130.0,0.0,1.7044893179478857,0.0
2022-01-16,328981578,5574962,0,2171199.0,4514.0,0.0,1.6946122132103094,0.0
2022-01-17,331759391,5581472,0,2777813.0,6510.0,0.0,1.6823855334361884,0.0
2022-01-18,335523995,5590572,0,3764604.0,9100.0,0.0,1.666221219141123,0.0
2022-01-19,339607276,5600509,0,4083281.0,9937.0,0.0,1.6491133717641548,0.0
2022-01-20,343341570,5610150,0,3734294.0,9641.0,0.0,1.6339850720668632,0.0
2022-01-21,347151687,5620108,0,3810117.0,9958.0,0.0,1.618919973734709,0.0
2022-01-22,349801473,5626133,0,2649786.0,6025.0,0.0,1.60837887609467,0.0
2022-01-23,352184811,5631303,0,2383338.0,5170.0,0.0,1.5989624833650196,0.0
2022-01-24,355817671,5640214,0,3632860.0,8911.0,0.0,1.5851416215919192,0.0
2022-01-25,359471485,5650697,0,3653814.0,10483.0,0.0,1.5719458248545082,0.0
2022-01-26,363233158,5661409,0,3761673.0,10712.0,0.0,1.558615692238097,0.0
2022-01-27,366932890,5671713,0,3699732.0,10304.0,0.0,1.5457085354218314,0.0
2022-01-28,370611819,5684057,0,3678929.0,12344.0,0.0,1.5336955565359345,0.0
2022-01-29,373175361,5691951,0,2563542.0,7894.0,0.0,1.5252751373368405,0.0
2022-01-30,375352380,5697504,0,2177019.0,5553.0,0.0,1.517908052161545,0.0
2022-01-31,379211855,5707928,0,3859475.0,10424.0,0.0,1.5052082166576781,0.0
2022-02-01,382341587,5720605,0,3129732.0,12677.0,0.0,1.496202661312906,0.0
2022-02-02,385526232,5732521,0,3184645.0,11916.0,0.0,1.4869340979111376,0.0
2022-02-03,388720309,5744164,0,3194077.0,11643.0,0.0,1.477711317625033,0.0
2022-02-04,391675874,5757335,0,2955565.0,13171.0,0.0,1.4699233172579835,0.0
2022-02-05,393779507,5765553,0,2103633.0,8218.0,0.0,1.464157706916932,0.0
2022-02-06,395542316,5771531,0,1762809.0,5978.0,0.0,1.4591437544194386,0.0
2022-02-07,398516432,5782632,0,2974116.0,11101.0,0.0,1.4510397904997803,0.0
2022-02-08,401116122,5795427,0,2599690.0,12795.0,0.0,1.444825246889478,0.0
2022-02-09,403549117,5808554,0,2432995.0,13127.0,0.0,1.4393672926807568,0.0
2022-02-10,406363391,5820436,0,2814274.0,11882.0,0.0,1.432322923006615,0.0
2022-02-11,408788228,5832423,0,2424837.0,11987.0,0.0,1.4267590406248194,0.0
2022-02-12,410513339,5841073,0,1725111.0,8650.0,0.0,1.4228704514763648,0.0
2022-02-13,411919279,5846347,0,1405940.0,5274.0,0.0,1.4192943370344169,0.0
2022-02-14,413962163,5857576,0,2042884.0,11229.0,0.0,1.4150027523167619,0.0
2022-02-15,415832953,5868222,0,1870790.0,10646.0,0.0,1.4111969620647165,0.0
2022-02-16,418072759,5881335,0,2239806.0,13113.0,0.0,1.4067730732008779,0.0
2022-02-17,420135672,5893543,0,2062913.0,12208.0,0.0,1.4027713885718325,0.0
2022-02-18,422119106,5904181,0,1983434.0,10638.0,0.0,1.3987002521511074,0.0
2022-02-19,423596187,5912539,0,1477081.0,8358.0,0.0,1.3957960863325714,0.0
2022-02-20,424789720,5917919,0,1193533.0,5380.0,0.0,1.3931408227110582,0.0
2022-02-21,426495378,5925467,0,1705658.0,7548.0,0.0,1.3893390891565536,0.0
2022-02-22,428169102,5935518,0,1673724.0,10051.0,0.0,1.3862555640458147,0.0
2022-02-23,430086590,5947505,0,1917488.0,11987.0,0.0,1.382862227813241,0.0
2022-02-24,431874501,5958316,0,1787911.0,10811.0,0.0,1.3796406099928553,0.0
2022-02-25,433528807,5967385,0,1654306.0,9069.0,0.0,1.3764679309995655,0.0
2022-02-26,434802795,5973927,0,1273988.0,6542.0,0.0,1.3739394200536361,0.0
2022-02-27,435854949,5978627,0,1052154.0,4700.0,0.0,1.3717010702108603,0.0
2022-02-28,437463827,5986294,0,1608878.0,7667.0,0.0,1.3684089130413977,0.0
2022-03-01,439062564,5994765,0,1598737.0,8471.0,0.0,1.3653555305161476,0.0
2022-03-02,440722439,6002946,0,1659875.0,8181.0,0.0,1.3620695178626927,0.0
2022-03-03,442497646,6011120,0,1775207.0,8174.0,0.0,1.358452424400016,0.0
2022-03-04,444260070,6019817,0,1762424.0,8697.0,0.0,1.355020945276491,0.0
2022-03-05,445550401,6025459,0,1290331.0,5642.0,0.0,1.3523630517392353,0.0
2022-03-06,446660147,6029686,0,1109746.0,4227.0,0.0,1.3499494057167363,0.0
2022-03-07,448401620,6037552,0,1741473.0,7866.0,0.0,1.3464607911095414,0.0
2022-03-08,449985919,6044438,0,1584299.0,6886.0,0.0,1.3432504762443467,0.0
2022-03-09,451976099,6052634,0,1990180.0,8196.0,0.0,1.339149130538427,0.0
2022-03-10,453847080,6060159,0,1870981.0,7525.0,0.0,1.3352865462966073,0.0
2022-03-11,455719680,6066369,0,1872600.0,6210.0,0.0,1.3311623935134862,0.0
2022-03-12,457280387,6071102,0,1560707.0,4733.0,0.0,1.3276541423150956,0.0
2022-03-13,458418032,6074656,0,1137645.0,3554.0,0.0,1.3251346098881207,0.0
2022-03-14,460415942,6080255,0,1997910.0,5599.0,0.0,1.3206004495821737,0.0
2022-03-15,462225344,6085871,0,1809402.0,5616.0,0.0,1.3166458912300578,0.0
2022-03-16,464464205,6092759,0,2238861.0,6888.0,0.0,1.3117822502597374,0.0
2022-03-17,466542109,6099841,0,2077904.0,7082.0,0.0,1.3074577583306635,0.0
2022-03-18,468433636,6105602,0,1891527.0,5761.0,0.0,1.3034081096601697,0.0
2022-03-19,469913015,6109457,0,1479379.0,3855.0,0.0,1.3001250880442203,0.0
2022-03-20,470873843,6112784,0,960828.0,3327.0,0.0,1.298178714080748,0.0
2022-03-21,472753728,6128916,0,1879885.0,16132.0,0.0,1.2964289093876802,0.0
2022-03-22,474730951,6133991,0,1977223.0,5075.0,0.0,1.292098395328768,0.0
2022-03-23,476534854,6139975,0,1803903.0,5984.0,0.0,1.2884629421041258,0.0
2022-03-24,478319055,6145245,0,1784201.0,5270.0,0.0,1.2847585593260549,0.0
2022-03-25,480078626,6154420,0,1759571.0,9175.0,0.0,1.2819608428057783,0.0
2022-03-26,481203035,6157240,0,1124409.0,2820.0,0.0,1.2795513644256213,0.0
2022-03-27,482053796,6159875,0,850761.0,2635.0,0.0,1.277839745504255,0.0
2022-03-28,483898093,6164157,0,1844297.0,4282.0,0.0,1.2738543691677662,0.0
2022-03-29,485649915,6168605,0,1751822.0,4448.0,0.0,1.270175245474922,0.0
2022-03-30,487247590,6173509,0,1597675.0,4904.0,0.0,1.2670168363480259,0.0
2022-03-31,488810861,6178001,0,1563271.0,4492.0,0.0,1.2638837417321624,0.0
2022-04-01,490229883,6182878,0,1419022.0,4877.0,0.0,1.2612201365945699,0.0
2022-04-02,491102544,6185451,0,872661.0,2573.0,0.0,1.259502944053167,0.0
2022-04-03,491795689,6187345,0,693145.0,1894.0,0.0,1.2581128989928987,0.0
2022-04-04,493029039,6190722,0,1233350.0,3377.0,0.0,1.2556505824801933,0.0
2022-04-05,494394436,6194890,0,1365397.0,4168.0,0.0,1.2530258330010817,0.0
2022-04-06,495614407,6199209,0,1219971.0,4319.0,0.0,1.2508129127085685,0.0
2022-04-07,496892754,6203530,0,1278347.0,4321.0,0.0,1.2484645731018247,0.0
2022-04-08,498067151,6207458,0,1174397.0,3928.0,0.0,1.2463094559713295,0.0
2022-04-09,498809406,6209802,0,742255.0,2344.0,0.0,1.2449247999946498,0.0
2022-04-10,499371019,6211574,0,561613.0,1772.0,0.0,1.2438795532105158,0.0
2022-04-11,500357346,6214427,0,986327.0,2853.0,0.0,1.2419977541410974,0.0
2022-04-12,501476932,6217706,0,1119586.0,3279.0,0.0,1.239878766746543,0.0
2022-04-13,502551958,6221772,0,1075026.0,4066.0,0.0,1.2380355704434445,0.0
2022-04-14,503514561,6225333,0,962603.0,3561.0,0.0,1.2363759625215685,0.0
2022-04-15,504173546,6227807,0,658985.0,2474.0,0.0,1.2352506491881667,0.0
2022-04-16,504728004,6229417,0,554458.0,1610.0,0.0,1.2342126750708289,0.0
2022-04-17,505135766,6230953,0,407762.0,1536.0,0.0,1.2335204551720458,0.0
2022-04-18,505593027,6232516,0,457261.0,1563.0,0.0,1.2327139946888548,0.0
2022-04-19,506611148,6235533,0,1018121.0,3017.0,0.0,1.230832172686417,0.0
2022-04-20,507572864,6239694,0,961716.0,4161.0,0.0,1.2293198558384713,0.0
2022-04-21,508494564,6242784,0,921700.0,3090.0,0.0,1.227699260124244,0.0
2022-04-22,509326073,6245549,0,831509.0,2765.0,0.0,1.226237832909842,0.0
2022-04-23,509804848,6247151,0,478775.0,1602.0,0.0,1.2254004693184086,0.0
2022-04-24,510170201,6248317,0,365353.0,1166.0,0.0,1.224751462894635,0.0
2022-04-25,510807207,6250454,0,637006.0,2137.0,0.0,1.2236424847466962,0.0
2022-04-26,511586152,6254734,0,778945.0,4280.0,0.0,1.2226159710437197,0.0
2022-04-27,512270545,6257861,0,684393.0,3127.0,0.0,1.2215929768126723,0.0
2022-04-28,513029820,6260860,0,759275.0,2999.0,0.0,1.2203696073651236,0.0
2022-04-29,513674263,6263399,0,644443.0,2539.0,0.0,1.2193328440128604,0.0
2022-04-30,514028003,6264863,0,353740.0,1464.0,0.0,1.2187785419153516,0.0
2022-05-01,514337424,6266066,0,309421.0,1203.0,0.0,1.2182792283067467,0.0
2022-05-02,514784854,6267807,0,447430.0,1741.0,0.0,1.2175585492264698,0.0
2022-05-03,515456909,6270002,0,672055.0,2195.0,0.0,1.216396926789471,0.0
2022-05-04,516084404,6273723,0,627495.0,3721.0,0.0,1.2156389442064983,0.0
2022-05-05,516684038,6275963,0,599634.0,2240.0,0.0,1.2146616768524985,0.0
2022-05-06,517314925,6278096,0,630887.0,2133.0,0.0,1.2135926679478655,0.0
2022-05-07,517654258,6279250,0,339333.0,1154.0,0.0,1.213020061741673,0.0
2022-05-08,517933111,6280091,0,278853.0,841.0,0.0,1.2125293530422696,0.0
2022-05-09,518623538,6281977,0,690427.0,1886.0,0.0,1.2112788062465456,0.0
2022-05-10,519264799,6283976,0,641261.0,1999.0,0.0,1.2101679166586448,0.0
2022-05-11,519959508,6286202,0,694709.0,2226.0,0.0,1.2089791422758251,0.0
2022-05-12,520612153,6288197,0,652645.0,1995.0,0.0,1.2078467557402564,0.0
2022-05-13,521185114,6290079,0,572961.0,1882.0,0.0,1.2068800184496444,0.0
2022-05-14,521623840,6291043,0,438726.0,964.0,0.0,1.2060497464993163,0.0
2022-05-15,521997492,6291822,0,373652.0,779.0,0.0,1.2053356762104903,0.0
2022-05-16,522587922,6293400,0,590430.0,1578.0,0.0,1.2042758232747677,0.0
2022-05-17,523196288,6295253,0,608366.0,1853.0,0.0,1.2032296758191068,0.0
2022-05-18,523956899,6297614,0,760611.0,2361.0,0.0,1.2019335964502684,0.0
2022-05-19,524552967,6299347,0,596068.0,1733.0,0.0,1.200898173548983,0.0
2022-05-20,525179079,6301345,0,626112.0,1998.0,0.0,1.1998469192638954,0.0
2022-05-21,525546242,6302438,0,367163.0,1093.0,0.0,1.1992166428620377,0.0
2022-05-22,525862056,6303048,0,315814.0,610.0,0.0,1.198612436110051,0.0
2022-05-23,526355204,6304610,0,493148.0,1562.0,0.0,1.1977862006661188,0.0
2022-05-24,526949796,6306262,0,594592.0,1652.0,0.0,1.1967481623239873,0.0
2022-05-25,527593755,6308875,0,643959.0,2613.0,0.0,1.1957827287019347,0.0
2022-05-26,528096493,6310309,0,502738.0,1434.0,0.0,1.1949159071578987,0.0
2022-05-27,528666149,6312283,0,569656.0,1974.0,0.0,1.1940017366233904,0.0
2022-05-28,528995178,6313120,0,329029.0,837.0,0.0,1.1934173055921504,0.0
2022-05-29,529271873,6313739,0,276695.0,619.0,0.0,1.1929103589451464,0.0
2022-05-30,529616224,6314848,0,344351.0,1109.0,0.0,1.1923441378563207,0.0
2022-05-31,530241569,6316371,0,625345.0,1523.0,0.0,1.191225164015762,0.0
2022-06-01,530939976,6318382,0,698407.0,2011.0,0.0,1.1900369694520798,0.0
2022-06-02,531470716,6320070,0,530740.0,1688.0,0.0,1.1891661778783689,0.0
2022-06-03,532014270,6321601,0,543554.0,1531.0,0.0,1.1882389921608683,0.0
2022-06-04,532267351,6322293,0,253081.0,692.0,0.0,1.1878040214418488,0.0
2022-06-05,532530338,6323106,0,262987.0,813.0,0.0,1.18737009871539,0.0
2022-06-06,532965247,6324071,0,434909.0,965.0,0.0,1.1865822463279674,0.0
2022-06-07,533576907,6326085,0,611660.0,2014.0,0.0,1.1855994734794622,0.0
2022-06-08,534283486,6328655,0,706579.0,2570.0,0.0,1.1845125604350046,0.0
2022-06-09,534848531,6330211,0,565045.0,1556.0,0.0,1.1835520961728134,0.0
2022-06-10,535405294,6331910,0,556763.0,1699.0,0.0,1.1826386610215325,0.0
2022-06-11,535689085,6332832,0,283791.0,922.0,0.0,1.1821842515234373,0.0
2022-06-12,535887333,6333409,0,198248.0,577.0,0.0,1.1818545821085866,0.0
2022-06-13,536415150,6335097,0,527817.0,1688.0,0.0,1.181006353008486,0.0
2022-06-14,537272203,6336934,0,857053.0,1837.0,0.0,1.179464331974755,0.0
2022-06-15,537994296,6338929,0,722093.0,1995.0,0.0,1.1782520831782202,0.0
2022-06-16,538577138,6340792,0,582842.0,1863.0,0.0,1.177322903743456,0.0
2022-06-17,539110151,6342051,0,533013.0,1259.0,0.0,1.1763924289379593,0.0
2022-06-18,539338742,6342696,0,228591.0,645.0,0.0,1.176013422747962,0.0
2022-06-19,539607241,6343376,0,268499.0,680.0,0.0,1.1755542768930336,0.0
2022-06-20,540362445,6344898,0,755204.0,1522.0,0.0,1.1741929992932798,0.0
2022-06-21,541178509,6346630,0,816064.0,1732.0,0.0,1.172742430538756,0.0
2022-06-22,541984328,6348658,0,805819.0,2028.0,0.0,1.1713729847922836,0.0
2022-06-23,542767959,6350472,0,783631.0,1814.0,0.0,1.1700160067849548,0.0
2022-06-24,543545293,6352244,0,777334.0,1772.0,0.0,1.1686687534243811,0.0
2022-06-25,543862216,6353044,0,316923.0,800.0,0.0,1.1681348350921292,0.0
2022-06-26,544148980,6353707,0,286764.0,663.0,0.0,1.1676410750599955,0.0
2022-06-27,545021364,6355178,0,872384.0,1471.0,0.0,1.1660419975757133,0.0
2022-06-28,545963319,6357110,0,941955.0,1932.0,0.0,1.1643840856641874,0.0
2022-06-29,546896134,6358937,0,932815.0,1827.0,0.0,1.1627321176126655,0.0
2022-06-30,547974317,6360329,0,1078183.0,1392.0,0.0,1.1606983763072969,0.0
2022-07-01,548925491,6362195,0,951174.0,1866.0,0.0,1.1590270636566231,0.0
2022-07-02,549284928,6363030,0,359437.0,835.0,0.0,1.1584206439394602,0.0
2022-07-03,549643412,6363765,0,358484.0,735.0,0.0,1.157798831217502,0.0
2022-07-04,550495502,6364917,0,852090.0,1152.0,0.0,1.1562159866657729,0.0
2022-07-05,551700794,6367127,0,1205292.0,2210.0,0.0,1.1540905993330872,0.0
2022-07-06,552926114,6369463,0,1225320.0,2336.0,0.0,1.151955539578657,0.0
2022-07-07,553979237,6372169,0,1053123.0,2706.0,0.0,1.15025412044459,0.0
2022-07-08,554985885,6374458,0,1006648.0,2289.0,0.0,1.148580202179376,0.0
2022-07-09,555489725,6375501,0,503840.0,1043.0,0.0,1.147726179813677,0.0
2022-07-10,555912593,6376347,0,422868.0,846.0,0.0,1.1470053170750891,0.0
2022-07-11,556965871,6378130,0,1053278.0,1783.0,0.0,1.1451563429817408,0.0
2022-07-12,558188894,6380590,0,1223023.0,2460.0,0.0,1.1430879525883222,0.0
2022-07-13,559615969,6383201,0,1427075.0,2611.0,0.0,1.1406395373967606,0.0
2022-07-14,560618337,6385278,0,1002368.0,2077.0,0.0,1.1389705934645515,0.0
2022-07-15,561620875,6387586,0,1002538.0,2308.0,0.0,1.1373483936116158,0.0
2022-07-16,562173878,6388670,0,553003.0,1084.0,0.0,1.1364224219610575,0.0
2022-07-17,562633320,6389656,0,459442.0,986.0,0.0,1.1356696755890674,0.0
2022-07-18,563831363,6391734,0,1198043.0,2078.0,0.0,1.133625126135454,0.0
2022-07-19,565376142,6394813,0,1544779.0,3079.0,0.0,1.1310723118557062,0.0
2022-07-20,566978238,6397714,0,1602096.0,2901.0,0.0,1.1283879294146737,0.0
2022-07-21,568132310,6400258,0,1154072.0,2544.0,0.0,1.1265435686979324,0.0
2022-07-22,569227609,6403118,0,1095299.0,2860.0,0.0,1.1248783261319288,0.0
2022-07-23,569864429,6404405,0,636820.0,1287.0,0.0,1.1238471246991975,0.0
2022-07-24,570415520,6405438,0,551091.0,1033.0,0.0,1.1229424472882505,0.0
2022-07-25,571389219,6407386,0,973699.0,1948.0,0.0,1.121369775091959,0.0
2022-07-26,572585879,6410303,0,1196660.0,2917.0,0.0,1.1195356426175505,0.0
2022-07-27,574012504,6413653,0,1426625.0,3350.0,0.0,1.1173368097918646,0.0
2022-07-28,575128637,6416416,0,1116133.0,2763.0,0.0,1.1156488457033658,0.0
2022-07-29,576504042,6419438,0,1375405.0,3022.0,0.0,1.113511360255129,0.0
2022-07-30,577080293,6420533,0,576251.0,1095.0,0.0,1.1125891973580182,0.0
2022-07-31,577625050,6421448,0,544757.0,915.0,0.0,1.1116983240252478,0.0
2022-08-01,578498268,6423883,0,873218.0,2435.0,0.0,1.1104411811307273,0.0
2022-08-02,579688847,6426763,0,1190579.0,2880.0,0.0,1.1086573483791728,0.0
2022-08-03,580844327,6429907,0,1155480.0,3144.0,0.0,1.1069931651411309,0.0
2022-08-04,582298507,6433081,0,1454180.0,3174.0,0.0,1.1047737410736655,0.0
2022-08-05,583199840,6436031,0,901333.0,2950.0,0.0,1.103572147756419,0.0
2022-08-06,584378161,6437762,0,1178321.0,1731.0,0.0,1.101643153293677,0.0
2022-08-07,584876085,6438704,0,497924.0,942.0,0.0,1.1008663484676418,0.0
2022-08-08,585692322,6441006,0,816237.0,2302.0,0.0,1.0997251898412286,0.0
2022-08-09,586732558,6444566,0,1040236.0,3560.0,0.0,1.0983822036342494,0.0
2022-08-10,587759595,6447272,0,1027037.0,2706.0,0.0,1.096923309265585,0.0
2022-08-11,588765069,6450479,0,1005474.0,3207.0,0.0,1.0955947184427817,0.0
2022-08-12,589518048,6453293,0,752979.0,2814.0,0.0,1.0946726774342963,0.0
2022-08-13,590154612,6454777,0,636564.0,1484.0,0.0,1.093743379912788,0.0
2022-08-14,590615366,6455771,0,460754.0,994.0,0.0,1.093058422052636,0.0
2022-08-15,591470649,6458166,0,855283.0,2395.0,0.0,1.091882752072115,0.0
2022-08-16,592553956,6461602,0,1083307.0,3436.0,0.0,1.0904664350937183,0.0
2022-08-17,593544473,6464838,0,990517.0,3236.0,0.0,1.089191845612553,0.0
2022-08-18,594489234,6467820,0,944761.0,2982.0,0.0,1.0879625113614757,0.0
2022-08-19,595290702,6470533,0,801468.0,2713.0,0.0,1.08695347974711,0.0
2022-08-20,595865130,6471724,0,574428.0,1191.0,0.0,1.086105508473033,0.0
2022-08-21,596349664,6473445,0,484534.0,1721.0,0.0,1.085511637011671,0.0
2022-08-22,597060819,6474866,0,711155.0,1421.0,0.0,1.0844566908350421,0.0
2022-08-23,597949972,6477794,0,889153.0,2928.0,0.0,1.0833337742843812,0.0
2022-08-24,598834543,6480950,0,884571.0,3156.0,0.0,1.082260546883649,0.0
2022-08-25,599699548,6483907,0,865005.0,2957.0,0.0,1.0811925774538018,0.0
2022-08-26,600401903,6486436,0,702355.0,2529.0,0.0,1.0803490074880726,0.0
2022-08-27,600854582,6487647,0,452679.0,1211.0,0.0,1.079736627522298,0.0
2022-08-28,601260827,6488670,0,406245.0,1023.0,0.0,1.0791772403293454,0.0
2022-08-29,601837965,6490683,0,577138.0,2013.0,0.0,1.078476828891976,0.0
2022-08-30,602585861,6493182,0,747896.0,2499.0,0.0,1.077552996219405,0.0
2022-08-31,603339040,6496550,0,753179.0,3368.0,0.0,1.0767660584337457,0.0
2022-09-01,604018804,6499102,0,679764.0,2552.0,0.0,1.0759767671074028,0.0
2022-09-02,604676287,6501819,0,657483.0,2717.0,0.0,1.0752561560265055,0.0
2022-09-03,605052969,6502896,0,376682.0,1077.0,0.0,1.0747647451011846,0.0
2022-09-04,605423358,6504007,0,370389.0,1111.0,0.0,1.074290727976835,0.0
2022-09-05,605881148,6505453,0,457790.0,1446.0,0.0,1.073717679032324,0.0
2022-09-06,606554997,6507768,0,673849.0,2315.0,0.0,1.0729065018320176,0.0
2022-09-07,607171546,6509944,0,616549.0,2176.0,0.0,1.0721754079035843,0.0
2022-09-08,607755506,6512183,0,583960.0,2239.0,0.0,1.0715136162007886,0.0
2022-09-09,608281134,6514478,0,525628.0,2295.0,0.0,1.0709649923155433,0.0
2022-09-10,608594366,6515421,0,313232.0,943.0,0.0,1.0705687341180545,0.0
2022-09-11,608908659,6516207,0,314293.0,786.0,0.0,1.0701452350343403,0.0
2022-09-12,609393741,6517720,0,485082.0,1513.0,0.0,1.069541670924382,0.0
2022-09-13,609942218,6519702,-1,548477.0,1982.0,-1.0,1.068904858131988,-1.6394995632192817e-07
2022-09-14,610640243,6522032,-1,698025.0,2330.0,0.0,1.0680645559745725,-1.6376254455276705e-07
2022-09-15,611251541,6524602,-1,611298.0,2570.0,0.0,1.0674168590766793,-1.6359876956122062e-07
2022-09-16,611707437,6526611,-1,455896.0,2009.0,0.0,1.0669497549365252,-1.6347684195312473e-07
2022-09-17,612002534,6527461,-1,295097.0,850.0,0.0,1.0665741785964566,-1.6339801625723334e-07
2022-09-18,612257111,6528049,-1,254577.0,588.0,0.0,1.0662267342779788,-1.6333007523043696e-07
2022-09-19,612673963,6529431,-1,416852.0,1382.0,0.0,1.0657268619720992,-1.6321894847684265e-07
2022-09-20,613227572,6531261,-1,553609.0,1830.0,0.0,1.0650631671206068,-1.6307159783089468e-07
2022-09-21,613745750,6533318,0,518178.0,2057.0,1.0,1.0644991024377766,0.0
2022-09-22,614365390,6535513,0,619640.0,2195.0,0.0,1.063782743360592,0.0
2022-09-23,614883451,6537341,0,518061.0,1828.0,0.0,1.063183760982372,0.0
2022-09-24,615148616,6538177,0,265165.0,836.0,0.0,1.0628613687720627,0.0
2022-09-25,615371539,6538685,0,222923.0,508.0,0.0,1.0625588909466936,0.0
2022-09-26,615794219,6540058,0,422680.0,1373.0,0.0,1.062052516605389,0.0
2022-09-27,616393758,6541661,0,599539.0,1603.0,0.0,1.061279566039992,0.0
2022-09-28,616943716,6544003,0,549958.0,2342.0,0.0,1.0607131299478216,0.0
2022-09-29,617587849,6546289,0,644133.0,2286.0,0.0,1.0599769750327455,0.0
2022-09-30,618060372,6547762,0,472523.0,1473.0,0.0,1.059404921692666,0.0
2022-10-01,618301429,6548432,0,241057.0,670.0,0.0,1.0591002531873495,0.0
2022-10-02,618502138,6548998,0,200709.0,566.0,0.0,1.058848077902683,0.0
2022-10-03,618822004,6550361,0,319866.0,1363.0,0.0,1.0585210218219712,0.0
2022-10-04,619422193,6551963,0,600189.0,1602.0,0.0,1.0577539962311295,0.0
2022-10-05,620005197,6554150,0,583004.0,2187.0,0.0,1.0571121067554536,0.0
2022-10-06,620645800,6556162,0,640603.0,2012.0,0.0,1.0563451811000735,0.0
2022-10-07,621221027,6557961,0,575227.0,1799.0,0.0,1.0556566366836775,0.0
2022-10-08,621440044,6558674,0,219017.0,713.0,0.0,1.0553993202279062,0.0
2022-10-09,621658996,6559308,0,218952.0,634.0,0.0,1.055129587475639,0.0
2022-10-10,622112629,6560625,0,453633.0,1317.0,0.0,1.0545719045353121,0.0
2022-10-11,622802836,6562536,0,690207.0,1911.0,0.0,1.0537100380191589,0.0
2022-10-12,623353219,6564438,0,550383.0,1902.0,0.0,1.0530848000642155,0.0
2022-10-13,624016113,6566543,0,662894.0,2105.0,0.0,1.052303436273608,0.0
2022-10-14,624494008,6568259,0,477895.0,1716.0,0.0,1.0517729419110775,0.0
2022-10-15,624712097,6569036,0,218089.0,777.0,0.0,1.0515301418919056,0.0
2022-10-16,624904267,6569584,0,192170.0,548.0,0.0,1.0512944697175512,0.0
2022-10-17,625380762,6571344,0,476495.0,1760.0,0.0,1.0507748877634966,0.0
2022-10-18,626009472,6573191,0,628710.0,1847.0,0.0,1.0500146234209056,0.0
2022-10-19,626536431,6575434,0,526959.0,2243.0,0.0,1.0494894908992132,0.0
2022-10-20,627131819,6577637,0,595388.0,2203.0,0.0,1.0488444057085866,0.0
2022-10-21,627563033,6579639,0,431214.0,2002.0,0.0,1.0484427306922013,0.0
2022-10-22,627745374,6580259,0,182341.0,620.0,0.0,1.0482369560241476,0.0
2022-10-23,627906174,6580853,0,160800.0,594.0,0.0,1.0480631139645395,0.0
2022-10-24,628292158,6582173,0,385984.0,1320.0,0.0,1.047629341889701,0.0
2022-10-25,628887107,6584353,0,594949.0,2180.0,0.0,1.0469848923139078,0.0
2022-10-26,629354131,6586858,0,467024.0,2505.0,0.0,1.0466059846995743,0.0
2022-10-27,629825004,6588984,0,470873.0,2126.0,0.0,1.046161069845363,0.0
2022-10-28,630188852,6590467,0,363848.0,1483.0,0.0,1.0457923809797893,0.0
2022-10-29,630387961,6591138,0,199109.0,671.0,0.0,1.0455685082475743,0.0
2022-10-30,630555274,6591741,0,167313.0,603.0,0.0,1.0453867046713499,0.0
2022-10-31,630855587,6592962,0,300313.0,1221.0,0.0,1.045082604618353,0.0
2022-11-01,631257223,6595764,0,401636.0,2802.0,0.0,1.0448615492515323,0.0
2022-11-02,631605553,6597350,0,348330.0,1586.0,0.0,1.0445364149608736,0.0
2022-11-03,632099160,6599695,0,493607.0,2345.0,0.0,1.0440917213052459,0.0
2022-11-04,632543650,6601673,0,444490.0,1978.0,0.0,1.0436707411417379,0.0
2022-11-05,632744972,6602286,0,201322.0,613.0,0.0,1.0434355533685693,0.0
2022-11-06,632931615,6602830,0,186643.0,544.0,0.0,1.0432138075453854,0.0
2022-11-07,633236212,6603974,0,304597.0,1144.0,0.0,1.042892663883221,0.0
2022-11-08,633687028,6605250,0,450816.0,1276.0,0.0,1.042352093090345,0.0
2022-11-09,634121053,6607365,0,434025.0,2115.0,0.0,1.0419721863421556,0.0
2022-11-10,634581453,6609457,0,460400.0,2092.0,0.0,1.041545883314683,0.0
2022-11-11,635069827,6611165,0,488374.0,1708.0,0.0,1.0410138726367173,0.0
2022-11-12,635312334,6611612,0,242507.0,447.0,0.0,1.0406868631642212,0.0
2022-11-13,635495843,6612117,0,183509.0,505.0,0.0,1.0404658146599395,0.0
2022-11-14,635842682,6613462,0,346839.0,1345.0,0.0,1.040109792440766,0.0
2022-11-15,636346431,6614527,0,503749.0,1065.0,0.0,1.03945377514029,0.0
2022-11-16,636832747,6616833,0,486316.0,2306.0,0.0,1.0390221029258724,0.0
2022-11-17,637312096,6618875,0,479349.0,2042.0,0.0,1.0385610192466832,0.0
2022-11-18,637942820,6621234,0,630724.0,2359.0,0.0,1.0379039927120741,0.0
2022-11-19,638190175,6621728,0,247355.0,494.0,0.0,1.03757911973496,0.0
2022-11-20,638412606,6622317,0,222431.0,589.0,0.0,1.0373098741725035,0.0
2022-11-21,638754188,6623443,0,341582.0,1126.0,0.0,1.0369314400487344,0.0
2022-11-22,639328415,6625184,0,574227.0,1741.0,0.0,1.0362724140768873,0.0
2022-11-23,639919189,6627291,0,590774.0,2107.0,0.0,1.0356449867297228,0.0
2022-11-24,640339580,6628690,0,420391.0,1399.0,0.0,1.0351835505779605,0.0
2022-11-25,641037771,6630892,0,698191.0,2202.0,0.0,1.0343995783050357,0.0
2022-11-26,641308397,6631404,0,270626.0,512.0,0.0,1.0340429083762643,0.0
2022-11-27,641571858,6631994,0,263461.0,590.0,0.0,1.0337102410748196,0.0
2022-11-28,641977647,6633172,0,405789.0,1178.0,0.0,1.0332403364816845,0.0
2022-11-29,642708342,6634772,0,730695.0,1600.0,0.0,1.0323145922384807,0.0
2022-11-30,643244123,6636401,0,535781.0,1629.0,0.0,1.0317079881039193,0.0
2022-12-01,643950364,6638794,0,706241.0,2393.0,0.0,1.0309480933844148,0.0
2022-12-02,644711955,6641139,0,761591.0,2345.0,0.0,1.0300939742927522,0.0
2022-12-03,645011864,6641748,0,299909.0,609.0,0.0,1.0297094318252726,0.0
2022-12-04,645269011,6642384,0,257147.0,636.0,0.0,1.029397644512019,0.0
2022-12-05,645774500,6643774,0,505489.0,1390.0,0.0,1.0288071145577906,0.0
2022-12-06,646399010,6645516,0,624510.0,1742.0,0.0,1.0280826389260713,0.0
2022-12-07,647032502,6647694,0,633492.0,2178.0,0.0,1.0274126847494904,0.0
2022-12-08,647841604,6650703,0,809102.0,3009.0,0.0,1.026593994417191,0.0
2022-12-09,648512056,6652882,0,670452.0,2179.0,0.0,1.0258686694330321,0.0
2022-12-10,648786733,6653491,0,274677.0,609.0,0.0,1.0255282146775957,0.0
2022-12-11,649085967,6654152,0,299234.0,661.0,0.0,1.0251572731967566,0.0
2022-12-12,649658720,6655818,0,572753.0,1666.0,0.0,1.024509914990443,0.0
2022-12-13,650436793,6657780,0,778073.0,1962.0,0.0,1.0235860073801206,0.0
2022-12-14,651122541,6660233,0,685748.0,2453.0,0.0,1.022884723015602,0.0
2022-12-15,651873247,6663038,0,750706.0,2805.0,0.0,1.0221370535858179,0.0
2022-12-16,652605304,6665736,0,732057.0,2698.0,0.0,1.0214038959143978,0.0
2022-12-17,652905777,6666547,0,300473.0,811.0,0.0,1.0210580507698586,0.0
2022-12-18,653189501,6667338,0,283724.0,791.0,0.0,1.0207356348797163,0.0
2022-12-19,653775912,6669159,0,586411.0,1821.0,0.0,1.0200986114031072,0.0
2022-12-20,654484792,6671373,0,708880.0,2214.0,0.0,1.0193320122249685,0.0
2022-12-21,655205564,6673938,0,720772.0,2565.0,0.0,1.0186021558266254,0.0
2022-12-22,655963530,6676603,0,757966.0,2665.0,0.0,1.0178314334030125,0.0
2022-12-23,656604975,6679286,0,641445.0,2683.0,0.0,1.017245719163185,0.0
2022-12-24,656949354,6680275,0,344379.0,989.0,0.0,1.0168630137658983,0.0
2022-12-25,657135648,6681140,0,186294.0,865.0,0.0,1.0167063711022415,0.0
2022-12-26,657655053,6682247,0,519405.0,1107.0,0.0,1.0160717186795492,0.0
2022-12-27,658309208,6684351,0,654155.0,2104.0,0.0,1.0153816654498322,0.0
2022-12-28,658946340,6687147,0,637132.0,2796.0,0.0,1.0148242116345922,0.0
2022-12-29,659617625,6690067,0,671285.0,2920.0,0.0,1.014234117834556,0.0
2022-12-30,660199728,6692483,0,582103.0,2416.0,0.0,1.0137058099484706,0.0
2022-12-31,660463792,6693376,0,264064.0,893.0,0.0,1.0134357221508368,0.0
2023-01-01,660778387,6694422,0,314595.0,1046.0,0.0,1.0131115259978987,0.0
2023-01-02,661198108,6695785,0,419721.0,1363.0,0.0,1.012674555324045,0.0
2023-01-03,661660893,6698027,0,462785.0,2242.0,0.0,1.0123051053585541,0.0
2023-01-04,662231345,6700950,0,570452.0,2923.0,0.0,1.0118744832291198,0.0
2023-01-05,662966595,6704613,0,735250.0,3663.0,0.0,1.0113048003572487,0.0
2023-01-06,663685449,6707751,0,718854.0,3138.0,0.0,1.0106822456491735,0.0
2023-01-07,664042494,6708702,0,357045.0,951.0,0.0,1.0102820317399748,0.0
2023-01-08,664369944,6709761,0,327450.0,1059.0,0.0,1.0099434901588504,0.0
2023-01-09,664718936,6711921,0,348992.0,2160.0,0.0,1.0097381970776291,0.0
2023-01-10,665113877,6714281,0,394941.0,2360.0,0.0,1.0094934464884124,0.0
2023-01-11,665620426,6717557,0,506549.0,3276.0,0.0,1.0092173763910304,0.0
2023-01-12,666097539,6720999,0,477113.0,3442.0,0.0,1.0090112343141384,0.0
2023-01-13,666533383,6723980,0,435844.0,2981.0,0.0,1.0087986845814143,0.0
2023-01-14,666754735,6724994,0,221352.0,1014.0,0.0,1.0086158593234438,0.0
2023-01-15,666951599,6785897,0,196864.0,60903.0,0.0,1.017449693527161,0.0
2023-01-16,667166217,6787220,0,214618.0,1323.0,0.0,1.0173206956610634,0.0
2023-01-17,667518310,6789239,0,352093.0,2019.0,0.0,1.0170865575207968,0.0
2023-01-18,667896028,6792400,0,377718.0,3161.0,0.0,1.0169846376148834,0.0
2023-01-19,668220526,6796012,0,324498.0,3612.0,0.0,1.0170313145992764,0.0
2023-01-20,668562246,6799459,0,341720.0,3447.0,0.0,1.017027066766196,0.0
2023-01-21,668715650,6812953,0,153404.0,13494.0,0.0,1.0188116578399204,0.0
2023-01-22,668830077,6813633,0,114427.0,680.0,0.0,1.0187390242021068,0.0
2023-01-23,669001131,6815188,0,171054.0,1555.0,0.0,1.0187109833152135,0.0
2023-01-24,669272951,6817236,0,271820.0,2048.0,0.0,1.0186032454791378,0.0
2023-01-25,669567171,6819539,0,294220.0,2303.0,0.0,1.0184996062179996,0.0
2023-01-26,669848920,6822660,0,281749.0,3121.0,0.0,1.0185371352095336,0.0
2023-01-27,670086844,6824464,0,237924.0,1804.0,0.0,1.0184447077429861,0.0
2023-01-28,670220207,6831519,0,133363.0,7055.0,0.0,1.019294692796393,0.0
2023-01-29,670344054,6832256,0,123847.0,737.0,0.0,1.0192163202211382,0.0
2023-01-30,670503932,6833468,0,159878.0,1212.0,0.0,1.0191540532233598,0.0
2023-01-31,670734589,6835338,0,230657.0,1870.0,0.0,1.0190823780522222,0.0
2023-02-01,671032404,6838027,0,297815.0,2689.0,0.0,1.0190308186666945,0.0
2023-02-02,671291489,6840771,0,259085.0,2744.0,0.0,1.0190462879531605,0.0
2023-02-03,671529548,6843097,0,238059.0,2326.0,0.0,1.019031406790755,0.0
2023-02-04,671632287,6847046,0,102739.0,3949.0,0.0,1.0194634969953433,0.0
2023-02-05,671721476,6847646,0,89189.0,600.0,0.0,1.0194174586730052,0.0
2023-02-06,671867463,6848667,0,145987.0,1021.0,0.0,1.0193479186236467,0.0
2023-02-07,672065240,6849942,0,197777.0,1275.0,0.0,1.0192376561537388,0.0
2023-02-08,672295338,6851942,0,230098.0,2000.0,0.0,1.0191863029102248,0.0
2023-02-09,672554241,6854280,0,258903.0,2338.0,0.0,1.0191415921797748,0.0
2023-02-10,672696324,6855413,0,142083.0,1133.0,0.0,1.0190947616951747,0.0
2023-02-11,672828531,6856046,0,132207.0,633.0,0.0,1.0189885957734452,0.0
2023-02-12,672906177,6856419,0,77646.0,373.0,0.0,1.0189264468588761,0.0
2023-02-13,673044131,6857217,0,137954.0,798.0,0.0,1.0188361630628349,0.0
2023-02-14,673237731,6858411,0,193600.0,1194.0,0.0,1.018720532762297,0.0
2023-02-15,673477639,6859933,0,239908.0,1522.0,0.0,1.0185836325888766,0.0
2023-02-16,673685532,6862019,0,207893.0,2086.0,0.0,1.0185789473062337,0.0
2023-02-17,673878833,6863873,0,193301.0,1854.0,0.0,1.0185618933070124,0.0
2023-02-18,673969796,6864248,0,90963.0,375.0,0.0,1.0184800625694508,0.0
2023-02-19,674056229,6864711,0,86433.0,463.0,0.0,1.0184181533615053,0.0
2023-02-20,674143589,6865287,0,87360.0,576.0,0.0,1.0183716217169279,0.0
2023-02-21,674323721,6866088,0,180132.0,801.0,0.0,1.0182183699274017,0.0
2023-02-22,674569824,6867909,0,246103.0,1821.0,0.0,1.0181168436019457,0.0
2023-02-23,674790916,6869817,0,221092.0,1908.0,0.0,1.0180660167630353,0.0
2023-02-24,674933342,6870806,0,142426.0,989.0,0.0,1.0179977150988044,0.0
2023-02-25,674978793,6871024,0,45451.0,218.0,0.0,1.0179614635685303,0.0
2023-02-26,675044414,6871268,0,65621.0,244.0,0.0,1.0178986534062335,0.0
2023-02-27,675171439,6871808,0,127025.0,540.0,0.0,1.0177871282852058,0.0
2023-02-28,675322238,6872682,0,150799.0,874.0,0.0,1.0176892768041794,0.0
2023-03-01,675542852,6874463,0,220614.0,1781.0,0.0,1.0176205668741203,0.0
2023-03-02,675731911,6876031,0,189059.0,1568.0,0.0,1.0175678975741016,0.0
2023-03-03,675914580,6877325,0,182669.0,1294.0,0.0,1.0174843395152091,0.0
2023-03-04,675968775,6877601,0,54195.0,276.0,0.0,1.0174435941956046,0.0
2023-03-05,676024901,6877749,0,56126.0,148.0,0.0,1.017381015081869,0.0
2023-03-06,676082941,6878115,0,58040.0,366.0,0.0,1.0173478108804996,0.0
2023-03-07,676213378,6879038,0,130437.0,923.0,0.0,1.0172880667261808,0.0
2023-03-08,676392824,6880483,0,179446.0,1445.0,0.0,1.017231814984483,0.0
2023-03-09,676570149,6881802,0,177325.0,1319.0,0.0,1.017160158510038,0.0
